Workbook

Sheet Tabla_records
A1: Edad | B1: Sexo | C1: DIstancia
A2: jr | B2: f | C2: 500
A3: sr | B3: m | C3: 1000
C4: 1500
C5: 3000
C6: 5000
C7: 10000

Sheet Competición más reciente
A1: INDICE | B1: Nombre patinador | C1: ID | D1: Edad final temporada | E1: Nacimiento | F1: Sexo | G1: Category | H1: Competicion mas reciente | I1: Fecha fin | J1: Lugar | K1: Enlace | L1: Enlace
B2: Abril del Río Calonge | C2: 114671 | D2: 23 | E2: 37724 | F2: F | G2: LN4 | H2: NK Clubs 2026 | I2: 46299 | J2: Heerenveen (NED) | K2: http://speedskatingresults.com/index.php?p=2&e=32120&s=114671
A3: Informacion obtenida de: | B3: Ona Rodríguez Cornejo | C3: 79811 | D3: 18 | E3: 39429 | F3: F | G3: LA1 | H3: International Thialf Race | I3: 46292 | J3: Heerenveen (NED) | K3: http://speedskatingresults.com/index.php?p=2&e=32109&s=79811
A4: https://speedskatingresults.com/ | B4: Sergi Álvarez Fernández | C4: 63475 | D4: 18 | E4: 39427 | F4: M | G4: MA1
B5: Francisco Aparicio Navarro | C5: 55766 | D5: 41 | E5: 31017 | F5: M | G5: M40
A6: Temporada | B6: Stéphane Barbera Peraleda | C6: 60818 | D6: 26 | E6: 36677 | F6: M | G6: MSA
A7: 2024-2025 | B7: Marcello Bresin | C7: 13213 | D7: 56 | E7: 25538 | F7: M | G7: M55
B8: Nil Cañizares Rentero | C8: 63474 | D8: 18 | E8: 39264 | F8: M | G8: MA1
B9: Pau Chorro Luque | C9: 90376 | D9: 22 | E9: 37803 | F9: M | G9: MN3
B10: Iñigo Vidondo Fernández de Larrinoa | C10: 41638 | D10: 37 | E10: 32621 | F10: M | G10: M35
B11: Adriá Fernández Torres | C11: 109334 | D11: 16 | E11: 39995 | F11: M | G11: MB1
B12: Jorge Fernández Cantero | C12: 47297 | D12: 35 | E12: 33343 | F12: M | G12: M35
B13: Gonzalo Ferraz García | C13: 106984 | D13: 23 | E13: 37446 | F13: M | G13: MN4
B14: Ramón Franquesa | C14: 109837 | D14: 96 | E14: 10959 | F14: M | G14: M+
B15: Sergio Borja García García | C15: 93677 | D15: 28 | E15: 35674 | F15: M | G15: MSA
B16: Daniel Garro Martínez | C16: 99863 | D16: 22 | E16: 37820 | F16: M | G16: MN3
B17: Antonio Gómez Fernández | C17: 626 | D17: 83 | E17: 15738 | F17: M | G17: M+
B18: Samuel Granada García | C18: 116539 | D18: 15 | E18: 40639 | F18: M | G18: MC2
B19: Jhoan Sebastián Guzmán Bitar | C19: 101840 | D19: 30 | E19: 35004 | F19: M | G19: M30
... B78: Natalia Vidal Ponce | C78: 69314 | D78: 29 | E78: 35278 | F78: F | G78: LSA

Sheet Última carrera por temporada
C1: Nombre | D1: Speedskating Id | E1: URL | F1: Edad final temporada | G1: Nacimiento | H1: Fecha carrera aux | I1: Sexo | J1: Category | K1: Skater | L1: Season | M1: Competitions Id | N1: Competitions Name | O1: Competitions Startdate | P1: Competitions Enddate | Q1: Competitions Location | R1: Competitions Trackid | S1: Competitions Link
C2: =#REF! -> #REF! | D2: =#REF! -> #REF! | E2: =CONCATENATE("https://speedskatingresults.com/api/json/skater_competitions?skater=",D2,"&season=",$B$6) -> #REF! | F2: =IF(ISBLANK(N2)," ",IF( YEARFRAC(G2,CONCATENATE("31/12/",YEAR(G2)),1)>0.502, ROUND(YEARFRAC(CONCATENATE("31/12/",YEAR(G2)-1),IF( YEARFRAC(H2,CONCATENATE("31/12/",YEAR(H2)),1)>0.502, CONCATENATE("31/12/",YEAR(H2)-1), CONCATENATE("31/12/",YEAR(H2)) ),1),0), ROUND(YEARFRAC(CONCATENATE("31/12/",YEAR(G2)),IF( YEARFRAC(H2,CONCATENATE("31/12/",YEAR(H2)),1)>0.502, CONCATENATE("31/12/",YEAR(H2)-1), CONCATENATE("31/12/",YEAR(H2)) ),1),0) )) -> #NAME? | G2: {=IF(ISBLANK(N2)," ",_xlfn.XLOOKUP(D2,#REF!,#REF!))} -> #NAME? | H2: =O2 -> 2026-02-27 | I2: {=IF(ISBLANK(K2)," ",_xlfn.XLOOKUP(D2,#REF!,#REF!))} -> #NAME? | J2: {=IF(ISBLANK(N2)," ",_xlfn.XLOOKUP(F2,Edades!$A$2:$A$101,IF(I2="F",Edades!$B$2:$B$101,Edades!$C$2:$C$101)))} -> #NAME? | K2: =IFERROR(__xludf.DUMMYFUNCTION("index(query(importjson(E2)),2,)"),"93128") -> 93128 | L2: =IFERROR(__xludf.DUMMYFUNCTION("""COMPUTED_VALUE"""),"2025") -> 2025 | M2: =IFERROR(__xludf.DUMMYFUNCTION("""COMPUTED_VALUE"""),"31773") -> 31773 | N2: =IFERROR(__xludf.DUMMYFUNCTION("""COMPUTED_VALUE"""),"ISU Junior World Championships 2026") -> ISU Junior World Championships 2026 | O2: =IFERROR(__xludf.DUMMYFUNCTION("""COMPUTED_VALUE"""),"2026-02-27") -> 2026-02-27 | P2: =IFERROR(__xludf.DUMMYFUNCTION("""COMPUTED_VALUE"""),"2026-03-01") -> 2026-03-01 | Q2: =IFERROR(__xludf.DUMMYFUNCTION("""COMPUTED_VALUE"""),"Inzell (GER)") -> Inzell (GER) | R2: =IFERROR(__xludf.DUMMYFUNCTION("""COMPUTED_VALUE"""),"11") -> 11 | S2: =IFERROR(__xludf.DUMMYFUNCTION("""COMPUTED_VALUE"""),"http://speedskatingresults.com/index.php?p=2&e=31773&s=93128") -> http://speedskatingresults.com/index.php?p=2&e=31773&s=93128
C3: =#REF! -> #REF! | D3: =#REF! -> #REF! | E3: =CONCATENATE("https://speedskatingresults.com/api/json/skater_competitions?skater=",D3,"&season=",$B$6) -> #REF! | F3: =IF(ISBLANK(N3)," ",IF( YEARFRAC(G3,CONCATENATE("31/12/",YEAR(G3)),1)>0.502, ROUND(YEARFRAC(CONCATENATE("31/12/",YEAR(G3)-1),IF( YEARFRAC(H3,CONCATENATE("31/12/",YEAR(H3)),1)>0.502, CONCATENATE("31/12/",YEAR(H3)-1), CONCATENATE("31/12/",YEAR(H3)) ),1),0), ROUND(YEARFRAC(CONCATENATE("31/12/",YEAR(G3)),IF( YEARFRAC(H3,CONCATENATE("31/12/",YEAR(H3)),1)>0.502, CONCATENATE("31/12/",YEAR(H3)-1), CONCATENATE("31/12/",YEAR(H3)) ),1),0) )) | G3: {=IF(ISBLANK(N3)," ",_xlfn.XLOOKUP(D3,#REF!,#REF!))} | H3: =O3 -> 0 | I3: {=IF(ISBLANK(K3)," ",_xlfn.XLOOKUP(D3,#REF!,#REF!))} | J3: {=IF(ISBLANK(N3)," ",_xlfn.XLOOKUP(F3,Edades!$A$2:$A$101,IF(I3="F",Edades!$B$2:$B$101,Edades!$C$2:$C$101)))}
C4: =#REF! -> #REF! | D4: =#REF! -> #REF! | E4: =CONCATENATE("https://speedskatingresults.com/api/json/skater_competitions?skater=",D4,"&season=",$B$6) -> #REF! | F4: =IF(ISBLANK(N4)," ",IF( YEARFRAC(G4,CONCATENATE("31/12/",YEAR(G4)),1)>0.502, ROUND(YEARFRAC(CONCATENATE("31/12/",YEAR(G4)-1),IF( YEARFRAC(H4,CONCATENATE("31/12/",YEAR(H4)),1)>0.502, CONCATENATE("31/12/",YEAR(H4)-1), CONCATENATE("31/12/",YEAR(H4)) ),1),0), ROUND(YEARFRAC(CONCATENATE("31/12/",YEAR(G4)),IF( YEARFRAC(H4,CONCATENATE("31/12/",YEAR(H4)),1)>0.502, CONCATENATE("31/12/",YEAR(H4)-1), CONCATENATE("31/12/",YEAR(H4)) ),1),0) )) -> #NAME? | G4: {=IF(ISBLANK(N4)," ",_xlfn.XLOOKUP(D4,#REF!,#REF!))} -> #NAME? | H4: =O4 -> 2026-02-27 | I4: {=IF(ISBLANK(K4)," ",_xlfn.XLOOKUP(D4,#REF!,#REF!))} -> #NAME? | J4: {=IF(ISBLANK(N4)," ",_xlfn.XLOOKUP(F4,Edades!$A$2:$A$101,IF(I4="F",Edades!$B$2:$B$101,Edades!$C$2:$C$101)))} -> #NAME? | K4: =IFERROR(__xludf.DUMMYFUNCTION("INDEX(query(importjson(E4)),2,)"),"63475") -> 63475 | L4: =IFERROR(__xludf.DUMMYFUNCTION("""COMPUTED_VALUE"""),"2025") -> 2025 | M4: =IFERROR(__xludf.DUMMYFUNCTION("""COMPUTED_VALUE"""),"31773") -> 31773 | N4: =IFERROR(__xludf.DUMMYFUNCTION("""COMPUTED_VALUE"""),"ISU Junior World Championships 2026") -> ISU Junior World Championships 2026 | O4: =IFERROR(__xludf.DUMMYFUNCTION("""COMPUTED_VALUE"""),"2026-02-27") -> 2026-02-27 | P4: =IFERROR(__xludf.DUMMYFUNCTION("""COMPUTED_VALUE"""),"2026-03-01") -> 2026-03-01 | Q4: =IFERROR(__xludf.DUMMYFUNCTION("""COMPUTED_VALUE"""),"Inzell (GER)") -> Inzell (GER) | R4: =IFERROR(__xludf.DUMMYFUNCTION("""COMPUTED_VALUE"""),"11") -> 11 | S4: =IFERROR(__xludf.DUMMYFUNCTION("""COMPUTED_VALUE"""),"http://speedskatingresults.com/index.php?p=2&e=31773&s=63475") -> http://speedskatingresults.com/index.php?p=2&e=31773&s=63475
B5: Año primero temporada | C5: =#REF! -> #REF! | D5: =#REF! -> #REF! | E5: =CONCATENATE("https://speedskatingresults.com/api/json/skater_competitions?skater=",D5,"&season=",$B$6) -> #REF! | F5: =IF(ISBLANK(N5)," ",IF( YEARFRAC(G5,CONCATENATE("31/12/",YEAR(G5)),1)>0.502, ROUND(YEARFRAC(CONCATENATE("31/12/",YEAR(G5)-1),IF( YEARFRAC(H5,CONCATENATE("31/12/",YEAR(H5)),1)>0.502, CONCATENATE("31/12/",YEAR(H5)-1), CONCATENATE("31/12/",YEAR(H5)) ),1),0), ROUND(YEARFRAC(CONCATENATE("31/12/",YEAR(G5)),IF( YEARFRAC(H5,CONCATENATE("31/12/",YEAR(H5)),1)>0.502, CONCATENATE("31/12/",YEAR(H5)-1), CONCATENATE("31/12/",YEAR(H5)) ),1),0) )) | G5: {=IF(ISBLANK(N5)," ",_xlfn.XLOOKUP(D5,#REF!,#REF!))} | H5: =O5 -> 0 | I5: {=IF(ISBLANK(K5)," ",_xlfn.XLOOKUP(D5,#REF!,#REF!))} | J5: {=IF(ISBLANK(N5)," ",_xlfn.XLOOKUP(F5,Edades!$A$2:$A$101,IF(I5="F",Edades!$B$2:$B$101,Edades!$C$2:$C$101)))}
B6: 2025 | C6: =#REF! -> #REF! | D6: =#REF! -> #REF! | E6: =CONCATENATE("https://speedskatingresults.com/api/json/skater_competitions?skater=",D6,"&season=",$B$6) -> #REF! | F6: =IF(ISBLANK(N6)," ",IF( YEARFRAC(G6,CONCATENATE("31/12/",YEAR(G6)),1)>0.502, ROUND(YEARFRAC(CONCATENATE("31/12/",YEAR(G6)-1),IF( YEARFRAC(H6,CONCATENATE("31/12/",YEAR(H6)),1)>0.502, CONCATENATE("31/12/",YEAR(H6)-1), CONCATENATE("31/12/",YEAR(H6)) ),1),0), ROUND(YEARFRAC(CONCATENATE("31/12/",YEAR(G6)),IF( YEARFRAC(H6,CONCATENATE("31/12/",YEAR(H6)),1)>0.502, CONCATENATE("31/12/",YEAR(H6)-1), CONCATENATE("31/12/",YEAR(H6)) ),1),0) )) | G6: {=IF(ISBLANK(N6)," ",_xlfn.XLOOKUP(D6,#REF!,#REF!))} | H6: =O6 -> 0 | I6: {=IF(ISBLANK(K6)," ",_xlfn.XLOOKUP(D6,#REF!,#REF!))} | J6: {=IF(ISBLANK(N6)," ",_xlfn.XLOOKUP(F6,Edades!$A$2:$A$101,IF(I6="F",Edades!$B$2:$B$101,Edades!$C$2:$C$101)))}
C7: =#REF! -> #REF! | D7: =#REF! -> #REF! | E7: =CONCATENATE("https://speedskatingresults.com/api/json/skater_competitions?skater=",D7,"&season=",$B$6) -> #REF! | F7: =IF(ISBLANK(N7)," ",IF( YEARFRAC(G7,CONCATENATE("31/12/",YEAR(G7)),1)>0.502, ROUND(YEARFRAC(CONCATENATE("31/12/",YEAR(G7)-1),IF( YEARFRAC(H7,CONCATENATE("31/12/",YEAR(H7)),1)>0.502, CONCATENATE("31/12/",YEAR(H7)-1), CONCATENATE("31/12/",YEAR(H7)) ),1),0), ROUND(YEARFRAC(CONCATENATE("31/12/",YEAR(G7)),IF( YEARFRAC(H7,CONCATENATE("31/12/",YEAR(H7)),1)>0.502, CONCATENATE("31/12/",YEAR(H7)-1), CONCATENATE("31/12/",YEAR(H7)) ),1),0) )) | G7: {=IF(ISBLANK(N7)," ",_xlfn.XLOOKUP(D7,#REF!,#REF!))} | H7: =O7 -> 0 | I7: {=IF(ISBLANK(K7)," ",_xlfn.XLOOKUP(D7,#REF!,#REF!))} | J7: {=IF(ISBLANK(N7)," ",_xlfn.XLOOKUP(F7,Edades!$A$2:$A$101,IF(I7="F",Edades!$B$2:$B$101,Edades!$C$2:$C$101)))}
C8: =#REF! -> #REF! | D8: =#REF! -> #REF! | E8: =CONCATENATE("https://speedskatingresults.com/api/json/skater_competitions?skater=",D8,"&season=",$B$6) -> #REF! | F8: =IF(ISBLANK(N8)," ",IF( YEARFRAC(G8,CONCATENATE("31/12/",YEAR(G8)),1)>0.502, ROUND(YEARFRAC(CONCATENATE("31/12/",YEAR(G8)-1),IF( YEARFRAC(H8,CONCATENATE("31/12/",YEAR(H8)),1)>0.502, CONCATENATE("31/12/",YEAR(H8)-1), CONCATENATE("31/12/",YEAR(H8)) ),1),0), ROUND(YEARFRAC(CONCATENATE("31/12/",YEAR(G8)),IF( YEARFRAC(H8,CONCATENATE("31/12/",YEAR(H8)),1)>0.502, CONCATENATE("31/12/",YEAR(H8)-1), CONCATENATE("31/12/",YEAR(H8)) ),1),0) )) | G8: {=IF(ISBLANK(N8)," ",_xlfn.XLOOKUP(D8,#REF!,#REF!))} | H8: =O8 -> 0 | I8: {=IF(ISBLANK(K8)," ",_xlfn.XLOOKUP(D8,#REF!,#REF!))} | J8: {=IF(ISBLANK(N8)," ",_xlfn.XLOOKUP(F8,Edades!$A$2:$A$101,IF(I8="F",Edades!$B$2:$B$101,Edades!$C$2:$C$101)))}
C9: =#REF! -> #REF! | D9: =#REF! -> #REF! | E9: =CONCATENATE("https://speedskatingresults.com/api/json/skater_competitions?skater=",D9,"&season=",$B$6) -> #REF! | F9: =IF(ISBLANK(N9)," ",IF( YEARFRAC(G9,CONCATENATE("31/12/",YEAR(G9)),1)>0.502, ROUND(YEARFRAC(CONCATENATE("31/12/",YEAR(G9)-1),IF( YEARFRAC(H9,CONCATENATE("31/12/",YEAR(H9)),1)>0.502, CONCATENATE("31/12/",YEAR(H9)-1), CONCATENATE("31/12/",YEAR(H9)) ),1),0), ROUND(YEARFRAC(CONCATENATE("31/12/",YEAR(G9)),IF( YEARFRAC(H9,CONCATENATE("31/12/",YEAR(H9)),1)>0.502, CONCATENATE("31/12/",YEAR(H9)-1), CONCATENATE("31/12/",YEAR(H9)) ),1),0) )) | G9: {=IF(ISBLANK(N9)," ",_xlfn.XLOOKUP(D9,#REF!,#REF!))} | H9: =O9 -> 0 | I9: {=IF(ISBLANK(K9)," ",_xlfn.XLOOKUP(D9,#REF!,#REF!))} | J9: {=IF(ISBLANK(N9)," ",_xlfn.XLOOKUP(F9,Edades!$A$2:$A$101,IF(I9="F",Edades!$B$2:$B$101,Edades!$C$2:$C$101)))}
B10: De https://speedskatingresults.com/ | C10: =#REF! -> #REF! | D10: =#REF! -> #REF! | E10: =CONCATENATE("https://speedskatingresults.com/api/json/skater_competitions?skater=",D10,"&season=",$B$6) -> #REF! | F10: =IF(ISBLANK(N10)," ",IF( YEARFRAC(G10,CONCATENATE("31/12/",YEAR(G10)),1)>0.502, ROUND(YEARFRAC(CONCATENATE("31/12/",YEAR(G10)-1),IF( YEARFRAC(H10,CONCATENATE("31/12/",YEAR(H10)),1)>0.502, CONCATENATE("31/12/",YEAR(H10)-1), CONCATENATE("31/12/",YEAR(H10)) ),1),0), ROUND(YEARFRAC(CONCATENATE("31/12/",YEAR(G10)),IF( YEARFRAC(H10,CONCATENATE("31/12/",YEAR(H10)),1)>0.502, CONCATENATE("31/12/",YEAR(H10)-1), CONCATENATE("31/12/",YEAR(H10)) ),1),0) )) | G10: {=IF(ISBLANK(N10)," ",_xlfn.XLOOKUP(D10,#REF!,#REF!))} | H10: =O10 -> 0 | I10: {=IF(ISBLANK(K10)," ",_xlfn.XLOOKUP(D10,#REF!,#REF!))} | J10: {=IF(ISBLANK(N10)," ",_xlfn.XLOOKUP(F10,Edades!$A$2:$A$101,IF(I10="F",Edades!$B$2:$B$101,Edades!$C$2:$C$101)))}
C11: =#REF! -> #REF! | D11: =#REF! -> #REF! | E11: =CONCATENATE("https://speedskatingresults.com/api/json/skater_competitions?skater=",D11,"&season=",$B$6) -> #REF! | F11: =IF(ISBLANK(N11)," ",IF( YEARFRAC(G11,CONCATENATE("31/12/",YEAR(G11)),1)>0.502, ROUND(YEARFRAC(CONCATENATE("31/12/",YEAR(G11)-1),IF( YEARFRAC(H11,CONCATENATE("31/12/",YEAR(H11)),1)>0.502, CONCATENATE("31/12/",YEAR(H11)-1), CONCATENATE("31/12/",YEAR(H11)) ),1),0), ROUND(YEARFRAC(CONCATENATE("31/12/",YEAR(G11)),IF( YEARFRAC(H11,CONCATENATE("31/12/",YEAR(H11)),1)>0.502, CONCATENATE("31/12/",YEAR(H11)-1), CONCATENATE("31/12/",YEAR(H11)) ),1),0) )) | G11: {=IF(ISBLANK(N11)," ",_xlfn.XLOOKUP(D11,#REF!,#REF!))} | H11: =O11 -> 0 | I11: {=IF(ISBLANK(K11)," ",_xlfn.XLOOKUP(D11,#REF!,#REF!))} | J11: {=IF(ISBLANK(N11)," ",_xlfn.XLOOKUP(F11,Edades!$A$2:$A$101,IF(I11="F",Edades!$B$2:$B$101,Edades!$C$2:$C$101)))}
C12: =#REF! -> #REF! | D12: =#REF! -> #REF! | E12: =CONCATENATE("https://speedskatingresults.com/api/json/skater_competitions?skater=",D12,"&season=",$B$6) -> #REF! | F12: =IF(ISBLANK(N12)," ",IF( YEARFRAC(G12,CONCATENATE("31/12/",YEAR(G12)),1)>0.502, ROUND(YEARFRAC(CONCATENATE("31/12/",YEAR(G12)-1),IF( YEARFRAC(H12,CONCATENATE("31/12/",YEAR(H12)),1)>0.502, CONCATENATE("31/12/",YEAR(H12)-1), CONCATENATE("31/12/",YEAR(H12)) ),1),0), ROUND(YEARFRAC(CONCATENATE("31/12/",YEAR(G12)),IF( YEARFRAC(H12,CONCATENATE("31/12/",YEAR(H12)),1)>0.502, CONCATENATE("31/12/",YEAR(H12)-1), CONCATENATE("31/12/",YEAR(H12)) ),1),0) )) -> #NAME? | G12: {=IF(ISBLANK(N12)," ",_xlfn.XLOOKUP(D12,#REF!,#REF!))} -> #NAME? | H12: =O12 -> 2026-01-23 | I12: {=IF(ISBLANK(K12)," ",_xlfn.XLOOKUP(D12,#REF!,#REF!))} -> #NAME? | J12: {=IF(ISBLANK(N12)," ",_xlfn.XLOOKUP(F12,Edades!$A$2:$A$101,IF(I12="F",Edades!$B$2:$B$101,Edades!$C$2:$C$101)))} -> #NAME? | K12: =IFERROR(__xludf.DUMMYFUNCTION("index(query(importjson(E12)),2,)"),"83318") -> 83318 | L12: =IFERROR(__xludf.DUMMYFUNCTION("""COMPUTED_VALUE"""),"2025") -> 2025 | M12: =IFERROR(__xludf.DUMMYFUNCTION("""COMPUTED_VALUE"""),"31411") -> 31411 | N12: =IFERROR(__xludf.DUMMYFUNCTION("""COMPUTED_VALUE"""),"ISU Speed Skating World Cup #5") -> ISU Speed Skating World Cup #5 | O12: =IFERROR(__xludf.DUMMYFUNCTION("""COMPUTED_VALUE"""),"2026-01-23") -> 2026-01-23 | P12: =IFERROR(__xludf.DUMMYFUNCTION("""COMPUTED_VALUE"""),"2026-01-25") -> 2026-01-25 | Q12: =IFERROR(__xludf.DUMMYFUNCTION("""COMPUTED_VALUE"""),"Inzell (GER)") -> Inzell (GER) | R12: =IFERROR(__xludf.DUMMYFUNCTION("""COMPUTED_VALUE"""),"11") -> 11 | S12: =IFERROR(__xludf.DUMMYFUNCTION("""COMPUTED_VALUE"""),"http://speedskatingresults.com/index.php?p=2&e=31411&s=83318") -> http://speedskatingresults.com/index.php?p=2&e=31411&s=83318
C13: =#REF! -> #REF! | D13: =#REF! -> #REF! | E13: =CONCATENATE("https://speedskatingresults.com/api/json/skater_competitions?skater=",D13,"&season=",$B$6) -> #REF! | F13: =IF(ISBLANK(N13)," ",IF( YEARFRAC(G13,CONCATENATE("31/12/",YEAR(G13)),1)>0.502, ROUND(YEARFRAC(CONCATENATE("31/12/",YEAR(G13)-1),IF( YEARFRAC(H13,CONCATENATE("31/12/",YEAR(H13)),1)>0.502, CONCATENATE("31/12/",YEAR(H13)-1), CONCATENATE("31/12/",YEAR(H13)) ),1),0), ROUND(YEARFRAC(CONCATENATE("31/12/",YEAR(G13)),IF( YEARFRAC(H13,CONCATENATE("31/12/",YEAR(H13)),1)>0.502, CONCATENATE("31/12/",YEAR(H13)-1), CONCATENATE("31/12/",YEAR(H13)) ),1),0) )) | G13: {=IF(ISBLANK(N13)," ",_xlfn.XLOOKUP(D13,#REF!,#REF!))} | H13: =O13 -> 0 | I13: {=IF(ISBLANK(K13)," ",_xlfn.XLOOKUP(D13,#REF!,#REF!))} | J13: {=IF(ISBLANK(N13)," ",_xlfn.XLOOKUP(F13,Edades!$A$2:$A$101,IF(I13="F",Edades!$B$2:$B$101,Edades!$C$2:$C$101)))}
C14: =#REF! -> #REF! | D14: =#REF! -> #REF! | E14: =CONCATENATE("https://speedskatingresults.com/api/json/skater_competitions?skater=",D14,"&season=",$B$6) -> #REF! | F14: =IF(ISBLANK(N14)," ",IF( YEARFRAC(G14,CONCATENATE("31/12/",YEAR(G14)),1)>0.502, ROUND(YEARFRAC(CONCATENATE("31/12/",YEAR(G14)-1),IF( YEARFRAC(H14,CONCATENATE("31/12/",YEAR(H14)),1)>0.502, CONCATENATE("31/12/",YEAR(H14)-1), CONCATENATE("31/12/",YEAR(H14)) ),1),0), ROUND(YEARFRAC(CONCATENATE("31/12/",YEAR(G14)),IF( YEARFRAC(H14,CONCATENATE("31/12/",YEAR(H14)),1)>0.502, CONCATENATE("31/12/",YEAR(H14)-1), CONCATENATE("31/12/",YEAR(H14)) ),1),0) )) | G14: {=IF(ISBLANK(N14)," ",_xlfn.XLOOKUP(D14,#REF!,#REF!))} | H14: =O14 -> 0 | I14: {=IF(ISBLANK(K14)," ",_xlfn.XLOOKUP(D14,#REF!,#REF!))} | J14: {=IF(ISBLANK(N14)," ",_xlfn.XLOOKUP(F14,Edades!$A$2:$A$101,IF(I14="F",Edades!$B$2:$B$101,Edades!$C$2:$C$101)))}
C15: =#REF! -> #REF! | D15: =#REF! -> #REF! | E15: =CONCATENATE("https://speedskatingresults.com/api/json/skater_competitions?skater=",D15,"&season=",$B$6) -> #REF! | F15: =IF(ISBLANK(N15)," ",IF( YEARFRAC(G15,CONCATENATE("31/12/",YEAR(G15)),1)>0.502, ROUND(YEARFRAC(CONCATENATE("31/12/",YEAR(G15)-1),IF( YEARFRAC(H15,CONCATENATE("31/12/",YEAR(H15)),1)>0.502, CONCATENATE("31/12/",YEAR(H15)-1), CONCATENATE("31/12/",YEAR(H15)) ),1),0), ROUND(YEARFRAC(CONCATENATE("31/12/",YEAR(G15)),IF( YEARFRAC(H15,CONCATENATE("31/12/",YEAR(H15)),1)>0.502, CONCATENATE("31/12/",YEAR(H15)-1), CONCATENATE("31/12/",YEAR(H15)) ),1),0) )) | G15: {=IF(ISBLANK(N15)," ",_xlfn.XLOOKUP(D15,#REF!,#REF!))} | H15: =O15 -> 0 | I15: {=IF(ISBLANK(K15)," ",_xlfn.XLOOKUP(D15,#REF!,#REF!))} | J15: {=IF(ISBLANK(N15)," ",_xlfn.XLOOKUP(F15,Edades!$A$2:$A$101,IF(I15="F",Edades!$B$2:$B$101,Edades!$C$2:$C$101)))}
C16: =#REF! -> #REF! | D16: =#REF! -> #REF! | E16: =CONCATENATE("https://speedskatingresults.com/api/json/skater_competitions?skater=",D16,"&season=",$B$6) -> #REF! | F16: =IF(ISBLANK(N16)," ",IF( YEARFRAC(G16,CONCATENATE("31/12/",YEAR(G16)),1)>0.502, ROUND(YEARFRAC(CONCATENATE("31/12/",YEAR(G16)-1),IF( YEARFRAC(H16,CONCATENATE("31/12/",YEAR(H16)),1)>0.502, CONCATENATE("31/12/",YEAR(H16)-1), CONCATENATE("31/12/",YEAR(H16)) ),1),0), ROUND(YEARFRAC(CONCATENATE("31/12/",YEAR(G16)),IF( YEARFRAC(H16,CONCATENATE("31/12/",YEAR(H16)),1)>0.502, CONCATENATE("31/12/",YEAR(H16)-1), CONCATENATE("31/12/",YEAR(H16)) ),1),0) )) -> #NAME? | G16: {=IF(ISBLANK(N16)," ",_xlfn.XLOOKUP(D16,#REF!,#REF!))} -> #NAME? | H16: =O16 -> 2025-10-24 | I16: {=IF(ISBLANK(K16)," ",_xlfn.XLOOKUP(D16,#REF!,#REF!))} -> #NAME? | J16: {=IF(ISBLANK(N16)," ",_xlfn.XLOOKUP(F16,Edades!$A$2:$A$101,IF(I16="F",Edades!$B$2:$B$101,Edades!$C$2:$C$101)))} -> #NAME? | K16: =IFERROR(__xludf.DUMMYFUNCTION("index(query(importjson(E16)),2,)"),"120619") -> 120619 | L16: =IFERROR(__xludf.DUMMYFUNCTION("""COMPUTED_VALUE"""),"2025") -> 2025 | M16: =IFERROR(__xludf.DUMMYFUNCTION("""COMPUTED_VALUE"""),"30591") -> 30591 | N16: =IFERROR(__xludf.DUMMYFUNCTION("""COMPUTED_VALUE"""),"International Race") -> International Race | O16: =IFERROR(__xludf.DUMMYFUNCTION("""COMPUTED_VALUE"""),"2025-10-24") -> 2025-10-24 | P16: =IFERROR(__xludf.DUMMYFUNCTION("""COMPUTED_VALUE"""),"2025-10-26") -> 2025-10-26 | Q16: =IFERROR(__xludf.DUMMYFUNCTION("""COMPUTED_VALUE"""),"Inzell (GER)") -> Inzell (GER) | R16: =IFERROR(__xludf.DUMMYFUNCTION("""COMPUTED_VALUE"""),"11") -> 11 | S16: =IFERROR(__xludf.DUMMYFUNCTION("""COMPUTED_VALUE"""),"http://speedskatingresults.com/index.php?p=2&e=30591&s=120619") -> http://speedskatingresults.com/index.php?p=2&e=30591&s=120619
C17: =#REF! -> #REF! | D17: =#REF! -> #REF! | E17: =CONCATENATE("https://speedskatingresults.com/api/json/skater_competitions?skater=",D17,"&season=",$B$6) -> #REF! | F17: =IF(ISBLANK(N17)," ",IF( YEARFRAC(G17,CONCATENATE("31/12/",YEAR(G17)),1)>0.502, ROUND(YEARFRAC(CONCATENATE("31/12/",YEAR(G17)-1),IF( YEARFRAC(H17,CONCATENATE("31/12/",YEAR(H17)),1)>0.502, CONCATENATE("31/12/",YEAR(H17)-1), CONCATENATE("31/12/",YEAR(H17)) ),1),0), ROUND(YEARFRAC(CONCATENATE("31/12/",YEAR(G17)),IF( YEARFRAC(H17,CONCATENATE("31/12/",YEAR(H17)),1)>0.502, CONCATENATE("31/12/",YEAR(H17)-1), CONCATENATE("31/12/",YEAR(H17)) ),1),0) )) | G17: {=IF(ISBLANK(N17)," ",_xlfn.XLOOKUP(D17,#REF!,#REF!))} | H17: =O17 -> 0 | I17: {=IF(ISBLANK(K17)," ",_xlfn.XLOOKUP(D17,#REF!,#REF!))} | J17: {=IF(ISBLANK(N17)," ",_xlfn.XLOOKUP(F17,Edades!$A$2:$A$101,IF(I17="F",Edades!$B$2:$B$101,Edades!$C$2:$C$101)))}
C18: =#REF! -> #REF! | D18: =#REF! -> #REF! | E18: =CONCATENATE("https://speedskatingresults.com/api/json/skater_competitions?skater=",D18,"&season=",$B$6) -> #REF! | F18: =IF(ISBLANK(N18)," ",IF( YEARFRAC(G18,CONCATENATE("31/12/",YEAR(G18)),1)>0.502, ROUND(YEARFRAC(CONCATENATE("31/12/",YEAR(G18)-1),IF( YEARFRAC(H18,CONCATENATE("31/12/",YEAR(H18)),1)>0.502, CONCATENATE("31/12/",YEAR(H18)-1), CONCATENATE("31/12/",YEAR(H18)) ),1),0), ROUND(YEARFRAC(CONCATENATE("31/12/",YEAR(G18)),IF( YEARFRAC(H18,CONCATENATE("31/12/",YEAR(H18)),1)>0.502, CONCATENATE("31/12/",YEAR(H18)-1), CONCATENATE("31/12/",YEAR(H18)) ),1),0) )) | G18: {=IF(ISBLANK(N18)," ",_xlfn.XLOOKUP(D18,#REF!,#REF!))} | H18: =O18 -> 0 | I18: {=IF(ISBLANK(K18)," ",_xlfn.XLOOKUP(D18,#REF!,#REF!))} | J18: {=IF(ISBLANK(N18)," ",_xlfn.XLOOKUP(F18,Edades!$A$2:$A$101,IF(I18="F",Edades!$B$2:$B$101,Edades!$C$2:$C$101)))}
C19: =#REF! -> #REF! | D19: =#REF! -> #REF! | E19: =CONCATENATE("https://speedskatingresults.com/api/json/skater_competitions?skater=",D19,"&season=",$B$6) -> #REF! | F19: =IF(ISBLANK(N19)," ",IF( YEARFRAC(G19,CONCATENATE("31/12/",YEAR(G19)),1)>0.502, ROUND(YEARFRAC(CONCATENATE("31/12/",YEAR(G19)-1),IF( YEARFRAC(H19,CONCATENATE("31/12/",YEAR(H19)),1)>0.502, CONCATENATE("31/12/",YEAR(H19)-1), CONCATENATE("31/12/",YEAR(H19)) ),1),0), ROUND(YEARFRAC(CONCATENATE("31/12/",YEAR(G19)),IF( YEARFRAC(H19,CONCATENATE("31/12/",YEAR(H19)),1)>0.502, CONCATENATE("31/12/",YEAR(H19)-1), CONCATENATE("31/12/",YEAR(H19)) ),1),0) )) -> #NAME? | G19: {=IF(ISBLANK(N19)," ",_xlfn.XLOOKUP(D19,#REF!,#REF!))} -> #NAME? | H19: =O19 -> 2026-02-21 | I19: {=IF(ISBLANK(K19)," ",_xlfn.XLOOKUP(D19,#REF!,#REF!))} -> #NAME? | J19: {=IF(ISBLANK(N19)," ",_xlfn.XLOOKUP(F19,Edades!$A$2:$A$101,IF(I19="F",Edades!$B$2:$B$101,Edades!$C$2:$C$101)))} -> #NAME? | K19: =IFERROR(__xludf.DUMMYFUNCTION("index(query(importjson(E19)),2,)"),"114671") -> 114671 | L19: =IFERROR(__xludf.DUMMYFUNCTION("""COMPUTED_VALUE"""),"2025") -> 2025 | M19: =IFERROR(__xludf.DUMMYFUNCTION("""COMPUTED_VALUE"""),"31719") -> 31719 | N19: =IFERROR(__xludf.DUMMYFUNCTION("""COMPUTED_VALUE"""),"ISU Speed Skating Junior World Cup #3") -> ISU Speed Skating Junior World Cup #3 | O19: =IFERROR(__xludf.DUMMYFUNCTION("""COMPUTED_VALUE"""),"2026-02-21") -> 2026-02-21 | P19: =IFERROR(__xludf.DUMMYFUNCTION("""COMPUTED_VALUE"""),"2026-02-22") -> 2026-02-22 | Q19: =IFERROR(__xludf.DUMMYFUNCTION("""COMPUTED_VALUE"""),"Inzell (GER)") -> Inzell (GER) | R19: =IFERROR(__xludf.DUMMYFUNCTION("""COMPUTED_VALUE"""),"11") -> 11 | S19: =IFERROR(__xludf.DUMMYFUNCTION("""COMPUTED_VALUE"""),"http://speedskatingresults.com/index.php?p=2&e=31719&s=114671") -> http://speedskatingresults.com/index.php?p=2&e=31719&s=114671
C20: =#REF! -> #REF! | D20: =#REF! -> #REF! | E20: =CONCATENATE("https://speedskatingresults.com/api/json/skater_competitions?skater=",D20,"&season=",$B$6) -> #REF! | F20: =IF(ISBLANK(N20)," ",IF( YEARFRAC(G20,CONCATENATE("31/12/",YEAR(G20)),1)>0.502, ROUND(YEARFRAC(CONCATENATE("31/12/",YEAR(G20)-1),IF( YEARFRAC(H20,CONCATENATE("31/12/",YEAR(H20)),1)>0.502, CONCATENATE("31/12/",YEAR(H20)-1), CONCATENATE("31/12/",YEAR(H20)) ),1),0), ROUND(YEARFRAC(CONCATENATE("31/12/",YEAR(G20)),IF( YEARFRAC(H20,CONCATENATE("31/12/",YEAR(H20)),1)>0.502, CONCATENATE("31/12/",YEAR(H20)-1), CONCATENATE("31/12/",YEAR(H20)) ),1),0) )) -> #NAME? | G20: {=IF(ISBLANK(N20)," ",_xlfn.XLOOKUP(D20,#REF!,#REF!))} -> #NAME? | H20: =O20 -> 2025-10-24 | I20: {=IF(ISBLANK(K20)," ",_xlfn.XLOOKUP(D20,#REF!,#REF!))} -> #NAME? | J20: {=IF(ISBLANK(N20)," ",_xlfn.XLOOKUP(F20,Edades!$A$2:$A$101,IF(I20="F",Edades!$B$2:$B$101,Edades!$C$2:$C$101)))} -> #NAME? | K20: =IFERROR(__xludf.DUMMYFUNCTION("index(query(importjson(E20)),2,)"),"115280") -> 115280 | L20: =IFERROR(__xludf.DUMMYFUNCTION("""COMPUTED_VALUE"""),"2025") -> 2025 | M20: =IFERROR(__xludf.DUMMYFUNCTION("""COMPUTED_VALUE"""),"30591") -> 30591 | N20: =IFERROR(__xludf.DUMMYFUNCTION("""COMPUTED_VALUE"""),"International Race") -> International Race | O20: =IFERROR(__xludf.DUMMYFUNCTION("""COMPUTED_VALUE"""),"2025-10-24") -> 2025-10-24 | P20: =IFERROR(__xludf.DUMMYFUNCTION("""COMPUTED_VALUE"""),"2025-10-26") -> 2025-10-26 | Q20: =IFERROR(__xludf.DUMMYFUNCTION("""COMPUTED_VALUE"""),"Inzell (GER)") -> Inzell (GER) | R20: =IFERROR(__xludf.DUMMYFUNCTION("""COMPUTED_VALUE"""),"11") -> 11 | S20: =IFERROR(__xludf.DUMMYFUNCTION("""COMPUTED_VALUE"""),"http://speedskatingresults.com/index.php?p=2&e=30591&s=115280") -> http://speedskatingresults.com/index.php?p=2&e=30591&s=115280
C21: =#REF! -> #REF! | D21: =#REF! -> #REF! | E21: =CONCATENATE("https://speedskatingresults.com/api/json/skater_competitions?skater=",D21,"&season=",$B$6) -> #REF! | F21: =IF(ISBLANK(N21)," ",IF( YEARFRAC(G21,CONCATENATE("31/12/",YEAR(G21)),1)>0.502, ROUND(YEARFRAC(CONCATENATE("31/12/",YEAR(G21)-1),IF( YEARFRAC(H21,CONCATENATE("31/12/",YEAR(H21)),1)>0.502, CONCATENATE("31/12/",YEAR(H21)-1), CONCATENATE("31/12/",YEAR(H21)) ),1),0), ROUND(YEARFRAC(CONCATENATE("31/12/",YEAR(G21)),IF( YEARFRAC(H21,CONCATENATE("31/12/",YEAR(H21)),1)>0.502, CONCATENATE("31/12/",YEAR(H21)-1), CONCATENATE("31/12/",YEAR(H21)) ),1),0) )) | G21: {=IF(ISBLANK(N21)," ",_xlfn.XLOOKUP(D21,#REF!,#REF!))} | H21: =O21 -> 0 | I21: {=IF(ISBLANK(K21)," ",_xlfn.XLOOKUP(D21,#REF!,#REF!))} | J21: {=IF(ISBLANK(N21)," ",_xlfn.XLOOKUP(F21,Edades!$A$2:$A$101,IF(I21="F",Edades!$B$2:$B$101,Edades!$C$2:$C$101)))}
C22: =#REF! -> #REF! | D22: =#REF! -> #REF! | E22: =CONCATENATE("https://speedskatingresults.com/api/json/skater_competitions?skater=",D22,"&season=",$B$6) -> #REF! | F22: =IF(ISBLANK(N22)," ",IF( YEARFRAC(G22,CONCATENATE("31/12/",YEAR(G22)),1)>0.502, ROUND(YEARFRAC(CONCATENATE("31/12/",YEAR(G22)-1),IF( YEARFRAC(H22,CONCATENATE("31/12/",YEAR(H22)),1)>0.502, CONCATENATE("31/12/",YEAR(H22)-1), CONCATENATE("31/12/",YEAR(H22)) ),1),0), ROUND(YEARFRAC(CONCATENATE("31/12/",YEAR(G22)),IF( YEARFRAC(H22,CONCATENATE("31/12/",YEAR(H22)),1)>0.502, CONCATENATE("31/12/",YEAR(H22)-1), CONCATENATE("31/12/",YEAR(H22)) ),1),0) )) -> #NAME? | G22: {=IF(ISBLANK(N22)," ",_xlfn.XLOOKUP(D22,#REF!,#REF!))} -> #NAME? | H22: =O22 -> 2026-02-27 | I22: {=IF(ISBLANK(K22)," ",_xlfn.XLOOKUP(D22,#REF!,#REF!))} -> #NAME? | J22: {=IF(ISBLANK(N22)," ",_xlfn.XLOOKUP(F22,Edades!$A$2:$A$101,IF(I22="F",Edades!$B$2:$B$101,Edades!$C$2:$C$101)))} -> #NAME? | K22: =IFERROR(__xludf.DUMMYFUNCTION("index(query(importjson(E22)),2,)"),"86207") -> 86207 | L22: =IFERROR(__xludf.DUMMYFUNCTION("""COMPUTED_VALUE"""),"2025") -> 2025 | M22: =IFERROR(__xludf.DUMMYFUNCTION("""COMPUTED_VALUE"""),"31773") -> 31773 | N22: =IFERROR(__xludf.DUMMYFUNCTION("""COMPUTED_VALUE"""),"ISU Junior World Championships 2026") -> ISU Junior World Championships 2026 | O22: =IFERROR(__xludf.DUMMYFUNCTION("""COMPUTED_VALUE"""),"2026-02-27") -> 2026-02-27 | P22: =IFERROR(__xludf.DUMMYFUNCTION("""COMPUTED_VALUE"""),"2026-03-01") -> 2026-03-01 | Q22: =IFERROR(__xludf.DUMMYFUNCTION("""COMPUTED_VALUE"""),"Inzell (GER)") -> Inzell (GER) | R22: =IFERROR(__xludf.DUMMYFUNCTION("""COMPUTED_VALUE"""),"11") -> 11 | S22: =IFERROR(__xludf.DUMMYFUNCTION("""COMPUTED_VALUE"""),"http://speedskatingresults.com/index.php?p=2&e=31773&s=86207") -> http://speedskatingresults.com/index.php?p=2&e=31773&s=86207
C23: =#REF! -> #REF! | D23: =#REF! -> #REF! | E23: =CONCATENATE("https://speedskatingresults.com/api/json/skater_competitions?skater=",D23,"&season=",$B$6) -> #REF! | F23: =IF(ISBLANK(N23)," ",IF( YEARFRAC(G23,CONCATENATE("31/12/",YEAR(G23)),1)>0.502, ROUND(YEARFRAC(CONCATENATE("31/12/",YEAR(G23)-1),IF( YEARFRAC(H23,CONCATENATE("31/12/",YEAR(H23)),1)>0.502, CONCATENATE("31/12/",YEAR(H23)-1), CONCATENATE("31/12/",YEAR(H23)) ),1),0), ROUND(YEARFRAC(CONCATENATE("31/12/",YEAR(G23)),IF( YEARFRAC(H23,CONCATENATE("31/12/",YEAR(H23)),1)>0.502, CONCATENATE("31/12/",YEAR(H23)-1), CONCATENATE("31/12/",YEAR(H23)) ),1),0) )) | G23: {=IF(ISBLANK(N23)," ",_xlfn.XLOOKUP(D23,#REF!,#REF!))} | H23: =O23 -> 0 | I23: {=IF(ISBLANK(K23)," ",_xlfn.XLOOKUP(D23,#REF!,#REF!))} | J23: {=IF(ISBLANK(N23)," ",_xlfn.XLOOKUP(F23,Edades!$A$2:$A$101,IF(I23="F",Edades!$B$2:$B$101,Edades!$C$2:$C$101)))}
C24: =#REF! -> #REF! | D24: =#REF! -> #REF! | E24: =CONCATENATE("https://speedskatingresults.com/api/json/skater_competitions?skater=",D24,"&season=",$B$6) -> #REF! | F24: =IF(ISBLANK(N24)," ",IF( YEARFRAC(G24,CONCATENATE("31/12/",YEAR(G24)),1)>0.502, ROUND(YEARFRAC(CONCATENATE("31/12/",YEAR(G24)-1),IF( YEARFRAC(H24,CONCATENATE("31/12/",YEAR(H24)),1)>0.502, CONCATENATE("31/12/",YEAR(H24)-1), CONCATENATE("31/12/",YEAR(H24)) ),1),0), ROUND(YEARFRAC(CONCATENATE("31/12/",YEAR(G24)),IF( YEARFRAC(H24,CONCATENATE("31/12/",YEAR(H24)),1)>0.502, CONCATENATE("31/12/",YEAR(H24)-1), CONCATENATE("31/12/",YEAR(H24)) ),1),0) )) -> #NAME? | G24: {=IF(ISBLANK(N24)," ",_xlfn.XLOOKUP(D24,#REF!,#REF!))} -> #NAME? | H24: =O24 -> 2025-10-24 | I24: {=IF(ISBLANK(K24)," ",_xlfn.XLOOKUP(D24,#REF!,#REF!))} -> #NAME? | J24: {=IF(ISBLANK(N24)," ",_xlfn.XLOOKUP(F24,Edades!$A$2:$A$101,IF(I24="F",Edades!$B$2:$B$101,Edades!$C$2:$C$101)))} -> #NAME? | K24: =IFERROR(__xludf.DUMMYFUNCTION("index(query(importjson(E24)),2,)"),"114230") -> 114230 | L24: =IFERROR(__xludf.DUMMYFUNCTION("""COMPUTED_VALUE"""),"2025") -> 2025 | M24: =IFERROR(__xludf.DUMMYFUNCTION("""COMPUTED_VALUE"""),"30591") -> 30591 | N24: =IFERROR(__xludf.DUMMYFUNCTION("""COMPUTED_VALUE"""),"International Race") -> International Race | O24: =IFERROR(__xludf.DUMMYFUNCTION("""COMPUTED_VALUE"""),"2025-10-24") -> 2025-10-24 | P24: =IFERROR(__xludf.DUMMYFUNCTION("""COMPUTED_VALUE"""),"2025-10-26") -> 2025-10-26 | Q24: =IFERROR(__xludf.DUMMYFUNCTION("""COMPUTED_VALUE"""),"Inzell (GER)") -> Inzell (GER) | R24: =IFERROR(__xludf.DUMMYFUNCTION("""COMPUTED_VALUE"""),"11") -> 11 | S24: =IFERROR(__xludf.DUMMYFUNCTION("""COMPUTED_VALUE"""),"http://speedskatingresults.com/index.php?p=2&e=30591&s=114230") -> http://speedskatingresults.com/index.php?p=2&e=30591&s=114230
C25: =#REF! -> #REF! | D25: =#REF! -> #REF! | E25: =CONCATENATE("https://speedskatingresults.com/api/json/skater_competitions?skater=",D25,"&season=",$B$6) -> #REF! | F25: =IF(ISBLANK(N25)," ",IF( YEARFRAC(G25,CONCATENATE("31/12/",YEAR(G25)),1)>0.502, ROUND(YEARFRAC(CONCATENATE("31/12/",YEAR(G25)-1),IF( YEARFRAC(H25,CONCATENATE("31/12/",YEAR(H25)),1)>0.502, CONCATENATE("31/12/",YEAR(H25)-1), CONCATENATE("31/12/",YEAR(H25)) ),1),0), ROUND(YEARFRAC(CONCATENATE("31/12/",YEAR(G25)),IF( YEARFRAC(H25,CONCATENATE("31/12/",YEAR(H25)),1)>0.502, CONCATENATE("31/12/",YEAR(H25)-1), CONCATENATE("31/12/",YEAR(H25)) ),1),0) )) | G25: {=IF(ISBLANK(N25)," ",_xlfn.XLOOKUP(D25,#REF!,#REF!))} | H25: =O25 -> 0 | I25: {=IF(ISBLANK(K25)," ",_xlfn.XLOOKUP(D25,#REF!,#REF!))} | J25: {=IF(ISBLANK(N25)," ",_xlfn.XLOOKUP(F25,Edades!$A$2:$A$101,IF(I25="F",Edades!$B$2:$B$101,Edades!$C$2:$C$101)))}
C26: =#REF! -> #REF! | D26: =#REF! -> #REF! | E26: =CONCATENATE("https://speedskatingresults.com/api/json/skater_competitions?skater=",D26,"&season=",$B$6) -> #REF! | F26: =IF(ISBLANK(N26)," ",IF( YEARFRAC(G26,CONCATENATE("31/12/",YEAR(G26)),1)>0.502, ROUND(YEARFRAC(CONCATENATE("31/12/",YEAR(G26)-1),IF( YEARFRAC(H26,CONCATENATE("31/12/",YEAR(H26)),1)>0.502, CONCATENATE("31/12/",YEAR(H26)-1), CONCATENATE("31/12/",YEAR(H26)) ),1),0), ROUND(YEARFRAC(CONCATENATE("31/12/",YEAR(G26)),IF( YEARFRAC(H26,CONCATENATE("31/12/",YEAR(H26)),1)>0.502, CONCATENATE("31/12/",YEAR(H26)-1), CONCATENATE("31/12/",YEAR(H26)) ),1),0) )) | G26: {=IF(ISBLANK(N26)," ",_xlfn.XLOOKUP(D26,#REF!,#REF!))} | H26: =O26 -> 0 | I26: {=IF(ISBLANK(K26)," ",_xlfn.XLOOKUP(D26,#REF!,#REF!))} | J26: {=IF(ISBLANK(N26)," ",_xlfn.XLOOKUP(F26,Edades!$A$2:$A$101,IF(I26="F",Edades!$B$2:$B$101,Edades!$C$2:$C$101)))}
C27: =#REF! -> #REF! | D27: =#REF! -> #REF! | E27: =CONCATENATE("https://speedskatingresults.com/api/json/skater_competitions?skater=",D27,"&season=",$B$6) -> #REF! | F27: =IF(ISBLANK(N27)," ",IF( YEARFRAC(G27,CONCATENATE("31/12/",YEAR(G27)),1)>0.502, ROUND(YEARFRAC(CONCATENATE("31/12/",YEAR(G27)-1),IF( YEARFRAC(H27,CONCATENATE("31/12/",YEAR(H27)),1)>0.502, CONCATENATE("31/12/",YEAR(H27)-1), CONCATENATE("31/12/",YEAR(H27)) ),1),0), ROUND(YEARFRAC(CONCATENATE("31/12/",YEAR(G27)),IF( YEARFRAC(H27,CONCATENATE("31/12/",YEAR(H27)),1)>0.502, CONCATENATE("31/12/",YEAR(H27)-1), CONCATENATE("31/12/",YEAR(H27)) ),1),0) )) -> #NAME? | G27: {=IF(ISBLANK(N27)," ",_xlfn.XLOOKUP(D27,#REF!,#REF!))} -> #NAME? | H27: =O27 -> 2026-02-21 | I27: {=IF(ISBLANK(K27)," ",_xlfn.XLOOKUP(D27,#REF!,#REF!))} -> #NAME? | J27: {=IF(ISBLANK(N27)," ",_xlfn.XLOOKUP(F27,Edades!$A$2:$A$101,IF(I27="F",Edades!$B$2:$B$101,Edades!$C$2:$C$101)))} -> #NAME? | K27: =IFERROR(__xludf.DUMMYFUNCTION("index(query(importjson(E27)),2,)"),"106984") -> 106984 | L27: =IFERROR(__xludf.DUMMYFUNCTION("""COMPUTED_VALUE"""),"2025") -> 2025 | M27: =IFERROR(__xludf.DUMMYFUNCTION("""COMPUTED_VALUE"""),"31719") -> 31719 | N27: =IFERROR(__xludf.DUMMYFUNCTION("""COMPUTED_VALUE"""),"ISU Speed Skating Junior World Cup #3") -> ISU Speed Skating Junior World Cup #3 | O27: =IFERROR(__xludf.DUMMYFUNCTION("""COMPUTED_VALUE"""),"2026-02-21") -> 2026-02-21 | P27: =IFERROR(__xludf.DUMMYFUNCTION("""COMPUTED_VALUE"""),"2026-02-22") -> 2026-02-22 | Q27: =IFERROR(__xludf.DUMMYFUNCTION("""COMPUTED_VALUE"""),"Inzell (GER)") -> Inzell (GER) | R27: =IFERROR(__xludf.DUMMYFUNCTION("""COMPUTED_VALUE"""),"11") -> 11 | S27: =IFERROR(__xludf.DUMMYFUNCTION("""COMPUTED_VALUE"""),"http://speedskatingresults.com/index.php?p=2&e=31719&s=106984") -> http://speedskatingresults.com/index.php?p=2&e=31719&s=106984
C28: =#REF! -> #REF! | D28: =#REF! -> #REF! | E28: =CONCATENATE("https://speedskatingresults.com/api/json/skater_competitions?skater=",D28,"&season=",$B$6) -> #REF! | F28: =IF(ISBLANK(N28)," ",IF( YEARFRAC(G28,CONCATENATE("31/12/",YEAR(G28)),1)>0.502, ROUND(YEARFRAC(CONCATENATE("31/12/",YEAR(G28)-1),IF( YEARFRAC(H28,CONCATENATE("31/12/",YEAR(H28)),1)>0.502, CONCATENATE("31/12/",YEAR(H28)-1), CONCATENATE("31/12/",YEAR(H28)) ),1),0), ROUND(YEARFRAC(CONCATENATE("31/12/",YEAR(G28)),IF( YEARFRAC(H28,CONCATENATE("31/12/",YEAR(H28)),1)>0.502, CONCATENATE("31/12/",YEAR(H28)-1), CONCATENATE("31/12/",YEAR(H28)) ),1),0) )) | G28: {=IF(ISBLANK(N28)," ",_xlfn.XLOOKUP(D28,#REF!,#REF!))} | H28: =O28 -> 0 | I28: {=IF(ISBLANK(K28)," ",_xlfn.XLOOKUP(D28,#REF!,#REF!))} | J28: {=IF(ISBLANK(N28)," ",_xlfn.XLOOKUP(F28,Edades!$A$2:$A$101,IF(I28="F",Edades!$B$2:$B$101,Edades!$C$2:$C$101)))}
C29: =#REF! -> #REF! | D29: =#REF! -> #REF! | E29: =CONCATENATE("https://speedskatingresults.com/api/json/skater_competitions?skater=",D29,"&season=",$B$6) -> #REF! | F29: =IF(ISBLANK(N29)," ",IF( YEARFRAC(G29,CONCATENATE("31/12/",YEAR(G29)),1)>0.502, ROUND(YEARFRAC(CONCATENATE("31/12/",YEAR(G29)-1),IF( YEARFRAC(H29,CONCATENATE("31/12/",YEAR(H29)),1)>0.502, CONCATENATE("31/12/",YEAR(H29)-1), CONCATENATE("31/12/",YEAR(H29)) ),1),0), ROUND(YEARFRAC(CONCATENATE("31/12/",YEAR(G29)),IF( YEARFRAC(H29,CONCATENATE("31/12/",YEAR(H29)),1)>0.502, CONCATENATE("31/12/",YEAR(H29)-1), CONCATENATE("31/12/",YEAR(H29)) ),1),0) )) -> #NAME? | G29: {=IF(ISBLANK(N29)," ",_xlfn.XLOOKUP(D29,#REF!,#REF!))} -> #NAME? | H29: =O29 -> 2025-10-24 | I29: {=IF(ISBLANK(K29)," ",_xlfn.XLOOKUP(D29,#REF!,#REF!))} -> #NAME? | J29: {=IF(ISBLANK(N29)," ",_xlfn.XLOOKUP(F29,Edades!$A$2:$A$101,IF(I29="F",Edades!$B$2:$B$101,Edades!$C$2:$C$101)))} -> #NAME? | K29: =IFERROR(__xludf.DUMMYFUNCTION("index(query(importjson(E29)),2,)"),"114229") -> 114229 | L29: =IFERROR(__xludf.DUMMYFUNCTION("""COMPUTED_VALUE"""),"2025") -> 2025 | M29: =IFERROR(__xludf.DUMMYFUNCTION("""COMPUTED_VALUE"""),"30591") -> 30591 | N29: =IFERROR(__xludf.DUMMYFUNCTION("""COMPUTED_VALUE"""),"International Race") -> International Race | O29: =IFERROR(__xludf.DUMMYFUNCTION("""COMPUTED_VALUE"""),"2025-10-24") -> 2025-10-24 | P29: =IFERROR(__xludf.DUMMYFUNCTION("""COMPUTED_VALUE"""),"2025-10-26") -> 2025-10-26 | Q29: =IFERROR(__xludf.DUMMYFUNCTION("""COMPUTED_VALUE"""),"Inzell (GER)") -> Inzell (GER) | R29: =IFERROR(__xludf.DUMMYFUNCTION("""COMPUTED_VALUE"""),"11") -> 11 | S29: =IFERROR(__xludf.DUMMYFUNCTION("""COMPUTED_VALUE"""),"http://speedskatingresults.com/index.php?p=2&e=30591&s=114229") -> http://speedskatingresults.com/index.php?p=2&e=30591&s=114229
C30: =#REF! -> #REF! | D30: =#REF! -> #REF! | E30: =CONCATENATE("https://speedskatingresults.com/api/json/skater_competitions?skater=",D30,"&season=",$B$6) -> #REF! | F30: =IF(ISBLANK(N30)," ",IF( YEARFRAC(G30,CONCATENATE("31/12/",YEAR(G30)),1)>0.502, ROUND(YEARFRAC(CONCATENATE("31/12/",YEAR(G30)-1),IF( YEARFRAC(H30,CONCATENATE("31/12/",YEAR(H30)),1)>0.502, CONCATENATE("31/12/",YEAR(H30)-1), CONCATENATE("31/12/",YEAR(H30)) ),1),0), ROUND(YEARFRAC(CONCATENATE("31/12/",YEAR(G30)),IF( YEARFRAC(H30,CONCATENATE("31/12/",YEAR(H30)),1)>0.502, CONCATENATE("31/12/",YEAR(H30)-1), CONCATENATE("31/12/",YEAR(H30)) ),1),0) )) | G30: {=IF(ISBLANK(N30)," ",_xlfn.XLOOKUP(D30,#REF!,#REF!))} | H30: =O30 -> 0 | I30: {=IF(ISBLANK(K30)," ",_xlfn.XLOOKUP(D30,#REF!,#REF!))} | J30: {=IF(ISBLANK(N30)," ",_xlfn.XLOOKUP(F30,Edades!$A$2:$A$101,IF(I30="F",Edades!$B$2:$B$101,Edades!$C$2:$C$101)))}
C31: =#REF! -> #REF! | D31: =#REF! -> #REF! | E31: =CONCATENATE("https://speedskatingresults.com/api/json/skater_competitions?skater=",D31,"&season=",$B$6) -> #REF! | F31: =IF(ISBLANK(N31)," ",IF( YEARFRAC(G31,CONCATENATE("31/12/",YEAR(G31)),1)>0.502, ROUND(YEARFRAC(CONCATENATE("31/12/",YEAR(G31)-1),IF( YEARFRAC(H31,CONCATENATE("31/12/",YEAR(H31)),1)>0.502, CONCATENATE("31/12/",YEAR(H31)-1), CONCATENATE("31/12/",YEAR(H31)) ),1),0), ROUND(YEARFRAC(CONCATENATE("31/12/",YEAR(G31)),IF( YEARFRAC(H31,CONCATENATE("31/12/",YEAR(H31)),1)>0.502, CONCATENATE("31/12/",YEAR(H31)-1), CONCATENATE("31/12/",YEAR(H31)) ),1),0) )) -> #NAME? | G31: {=IF(ISBLANK(N31)," ",_xlfn.XLOOKUP(D31,#REF!,#REF!))} -> #NAME? | H31: =O31 -> 2025-10-24 | I31: {=IF(ISBLANK(K31)," ",_xlfn.XLOOKUP(D31,#REF!,#REF!))} -> #NAME? | J31: {=IF(ISBLANK(N31)," ",_xlfn.XLOOKUP(F31,Edades!$A$2:$A$101,IF(I31="F",Edades!$B$2:$B$101,Edades!$C$2:$C$101)))} -> #NAME? | K31: =IFERROR(__xludf.DUMMYFUNCTION("index(query(importjson(E31)),2,)"),"99863") -> 99863 | L31: =IFERROR(__xludf.DUMMYFUNCTION("""COMPUTED_VALUE"""),"2025") -> 2025 | M31: =IFERROR(__xludf.DUMMYFUNCTION("""COMPUTED_VALUE"""),"30591") -> 30591 | N31: =IFERROR(__xludf.DUMMYFUNCTION("""COMPUTED_VALUE"""),"International Race") -> International Race | O31: =IFERROR(__xludf.DUMMYFUNCTION("""COMPUTED_VALUE"""),"2025-10-24") -> 2025-10-24 | P31: =IFERROR(__xludf.DUMMYFUNCTION("""COMPUTED_VALUE"""),"2025-10-26") -> 2025-10-26 | Q31: =IFERROR(__xludf.DUMMYFUNCTION("""COMPUTED_VALUE"""),"Inzell (GER)") -> Inzell (GER) | R31: =IFERROR(__xludf.DUMMYFUNCTION("""COMPUTED_VALUE"""),"11") -> 11 | S31: =IFERROR(__xludf.DUMMYFUNCTION("""COMPUTED_VALUE"""),"http://speedskatingresults.com/index.php?p=2&e=30591&s=99863") -> http://speedskatingresults.com/index.php?p=2&e=30591&s=99863
C32: =#REF! -> #REF! | D32: =#REF! -> #REF! | E32: =CONCATENATE("https://speedskatingresults.com/api/json/skater_competitions?skater=",D32,"&season=",$B$6) -> #REF! | F32: =IF(ISBLANK(N32)," ",IF( YEARFRAC(G32,CONCATENATE("31/12/",YEAR(G32)),1)>0.502, ROUND(YEARFRAC(CONCATENATE("31/12/",YEAR(G32)-1),IF( YEARFRAC(H32,CONCATENATE("31/12/",YEAR(H32)),1)>0.502, CONCATENATE("31/12/",YEAR(H32)-1), CONCATENATE("31/12/",YEAR(H32)) ),1),0), ROUND(YEARFRAC(CONCATENATE("31/12/",YEAR(G32)),IF( YEARFRAC(H32,CONCATENATE("31/12/",YEAR(H32)),1)>0.502, CONCATENATE("31/12/",YEAR(H32)-1), CONCATENATE("31/12/",YEAR(H32)) ),1),0) )) | G32: {=IF(ISBLANK(N32)," ",_xlfn.XLOOKUP(D32,#REF!,#REF!))} | H32: =O32 -> 0 | I32: {=IF(ISBLANK(K32)," ",_xlfn.XLOOKUP(D32,#REF!,#REF!))} | J32: {=IF(ISBLANK(N32)," ",_xlfn.XLOOKUP(F32,Edades!$A$2:$A$101,IF(I32="F",Edades!$B$2:$B$101,Edades!$C$2:$C$101)))}
C33: =#REF! -> #REF! | D33: =#REF! -> #REF! | E33: =CONCATENATE("https://speedskatingresults.com/api/json/skater_competitions?skater=",D33,"&season=",$B$6) -> #REF! | F33: =IF(ISBLANK(N33)," ",IF( YEARFRAC(G33,CONCATENATE("31/12/",YEAR(G33)),1)>0.502, ROUND(YEARFRAC(CONCATENATE("31/12/",YEAR(G33)-1),IF( YEARFRAC(H33,CONCATENATE("31/12/",YEAR(H33)),1)>0.502, CONCATENATE("31/12/",YEAR(H33)-1), CONCATENATE("31/12/",YEAR(H33)) ),1),0), ROUND(YEARFRAC(CONCATENATE("31/12/",YEAR(G33)),IF( YEARFRAC(H33,CONCATENATE("31/12/",YEAR(H33)),1)>0.502, CONCATENATE("31/12/",YEAR(H33)-1), CONCATENATE("31/12/",YEAR(H33)) ),1),0) )) | G33: {=IF(ISBLANK(N33)," ",_xlfn.XLOOKUP(D33,#REF!,#REF!))} | H33: =O33 -> 0 | I33: {=IF(ISBLANK(K33)," ",_xlfn.XLOOKUP(D33,#REF!,#REF!))} | J33: {=IF(ISBLANK(N33)," ",_xlfn.XLOOKUP(F33,Edades!$A$2:$A$101,IF(I33="F",Edades!$B$2:$B$101,Edades!$C$2:$C$101)))}
C34: =#REF! -> #REF! | D34: =#REF! -> #REF! | E34: =CONCATENATE("https://speedskatingresults.com/api/json/skater_competitions?skater=",D34,"&season=",$B$6) -> #REF! | F34: =IF(ISBLANK(N34)," ",IF( YEARFRAC(G34,CONCATENATE("31/12/",YEAR(G34)),1)>0.502, ROUND(YEARFRAC(CONCATENATE("31/12/",YEAR(G34)-1),IF( YEARFRAC(H34,CONCATENATE("31/12/",YEAR(H34)),1)>0.502, CONCATENATE("31/12/",YEAR(H34)-1), CONCATENATE("31/12/",YEAR(H34)) ),1),0), ROUND(YEARFRAC(CONCATENATE("31/12/",YEAR(G34)),IF( YEARFRAC(H34,CONCATENATE("31/12/",YEAR(H34)),1)>0.502, CONCATENATE("31/12/",YEAR(H34)-1), CONCATENATE("31/12/",YEAR(H34)) ),1),0) )) | G34: {=IF(ISBLANK(N34)," ",_xlfn.XLOOKUP(D34,#REF!,#REF!))} | H34: =O34 -> 0 | I34: {=IF(ISBLANK(K34)," ",_xlfn.XLOOKUP(D34,#REF!,#REF!))} | J34: {=IF(ISBLANK(N34)," ",_xlfn.XLOOKUP(F34,Edades!$A$2:$A$101,IF(I34="F",Edades!$B$2:$B$101,Edades!$C$2:$C$101)))}
C35: =#REF! -> #REF! | D35: =#REF! -> #REF! | E35: =CONCATENATE("https://speedskatingresults.com/api/json/skater_competitions?skater=",D35,"&season=",$B$6) -> #REF! | F35: =IF(ISBLANK(N35)," ",IF( YEARFRAC(G35,CONCATENATE("31/12/",YEAR(G35)),1)>0.502, ROUND(YEARFRAC(CONCATENATE("31/12/",YEAR(G35)-1),IF( YEARFRAC(H35,CONCATENATE("31/12/",YEAR(H35)),1)>0.502, CONCATENATE("31/12/",YEAR(H35)-1), CONCATENATE("31/12/",YEAR(H35)) ),1),0), ROUND(YEARFRAC(CONCATENATE("31/12/",YEAR(G35)),IF( YEARFRAC(H35,CONCATENATE("31/12/",YEAR(H35)),1)>0.502, CONCATENATE("31/12/",YEAR(H35)-1), CONCATENATE("31/12/",YEAR(H35)) ),1),0) )) -> #NAME? | G35: {=IF(ISBLANK(N35)," ",_xlfn.XLOOKUP(D35,#REF!,#REF!))} -> #NAME? | H35: =O35 -> 2026-03-15 | I35: {=IF(ISBLANK(K35)," ",_xlfn.XLOOKUP(D35,#REF!,#REF!))} -> #NAME? | J35: {=IF(ISBLANK(N35)," ",_xlfn.XLOOKUP(F35,Edades!$A$2:$A$101,IF(I35="F",Edades!$B$2:$B$101,Edades!$C$2:$C$101)))} -> #NAME? | K35: =IFERROR(__xludf.DUMMYFUNCTION("index(query(importjson(E35)),2,)"),"114228") -> 114228 | L35: =IFERROR(__xludf.DUMMYFUNCTION("""COMPUTED_VALUE"""),"2025") -> 2025 | M35: =IFERROR(__xludf.DUMMYFUNCTION("""COMPUTED_VALUE"""),"32048") -> 32048 | N35: =IFERROR(__xludf.DUMMYFUNCTION("""COMPUTED_VALUE"""),"Olympic Oval Finale - Team Sprint") -> Olympic Oval Finale - Team Sprint | O35: =IFERROR(__xludf.DUMMYFUNCTION("""COMPUTED_VALUE"""),"2026-03-15") -> 2026-03-15 | P35: =IFERROR(__xludf.DUMMYFUNCTION("""COMPUTED_VALUE"""),"2026-03-15") -> 2026-03-15 | Q35: =IFERROR(__xludf.DUMMYFUNCTION("""COMPUTED_VALUE"""),"Calgary (CAN)") -> Calgary (CAN) | R35: =IFERROR(__xludf.DUMMYFUNCTION("""COMPUTED_VALUE"""),"5") -> 5 | S35: =IFERROR(__xludf.DUMMYFUNCTION("""COMPUTED_VALUE"""),"http://speedskatingresults.com/index.php?p=2&e=32048&s=114228") -> http://speedskatingresults.com/index.php?p=2&e=32048&s=114228
C36: =#REF! -> #REF! | D36: =#REF! -> #REF! | E36: =CONCATENATE("https://speedskatingresults.com/api/json/skater_competitions?skater=",D36,"&season=",$B$6) -> #REF! | F36: =IF(ISBLANK(N36)," ",IF( YEARFRAC(G36,CONCATENATE("31/12/",YEAR(G36)),1)>0.502, ROUND(YEARFRAC(CONCATENATE("31/12/",YEAR(G36)-1),IF( YEARFRAC(H36,CONCATENATE("31/12/",YEAR(H36)),1)>0.502, CONCATENATE("31/12/",YEAR(H36)-1), CONCATENATE("31/12/",YEAR(H36)) ),1),0), ROUND(YEARFRAC(CONCATENATE("31/12/",YEAR(G36)),IF( YEARFRAC(H36,CONCATENATE("31/12/",YEAR(H36)),1)>0.502, CONCATENATE("31/12/",YEAR(H36)-1), CONCATENATE("31/12/",YEAR(H36)) ),1),0) )) -> #NAME? | G36: {=IF(ISBLANK(N36)," ",_xlfn.XLOOKUP(D36,#REF!,#REF!))} -> #NAME? | H36: =O36 -> 2026-01-09 | I36: {=IF(ISBLANK(K36)," ",_xlfn.XLOOKUP(D36,#REF!,#REF!))} -> #NAME? | J36: {=IF(ISBLANK(N36)," ",_xlfn.XLOOKUP(F36,Edades!$A$2:$A$101,IF(I36="F",Edades!$B$2:$B$101,Edades!$C$2:$C$101)))} -> #NAME? | K36: =IFERROR(__xludf.DUMMYFUNCTION("index(query(importjson(E36)),2,)"),"64097") -> 64097 | L36: =IFERROR(__xludf.DUMMYFUNCTION("""COMPUTED_VALUE"""),"2025") -> 2025 | M36: =IFERROR(__xludf.DUMMYFUNCTION("""COMPUTED_VALUE"""),"31248") -> 31248 | N36: =IFERROR(__xludf.DUMMYFUNCTION("""COMPUTED_VALUE"""),"ISU European Speed Skating Championships 2026") -> ISU European Speed Skating Championships 2026 | O36: =IFERROR(__xludf.DUMMYFUNCTION("""COMPUTED_VALUE"""),"2026-01-09") -> 2026-01-09 | P36: =IFERROR(__xludf.DUMMYFUNCTION("""COMPUTED_VALUE"""),"2026-01-11") -> 2026-01-11 | Q36: =IFERROR(__xludf.DUMMYFUNCTION("""COMPUTED_VALUE"""),"Tomaszów-Mazowiecki (POL)") -> Tomaszów-Mazowiecki (POL) | R36: =IFERROR(__xludf.DUMMYFUNCTION("""COMPUTED_VALUE"""),"58") -> 58 | S36: =IFERROR(__xludf.DUMMYFUNCTION("""COMPUTED_VALUE"""),"http://speedskatingresults.com/index.php?p=2&e=31248&s=64097") -> http://speedskatingresults.com/index.php?p=2&e=31248&s=64097
C37: =#REF! -> #REF! | D37: =#REF! -> #REF! | E37: =CONCATENATE("https://speedskatingresults.com/api/json/skater_competitions?skater=",D37,"&season=",$B$6) -> #REF! | F37: =IF(ISBLANK(N37)," ",IF( YEARFRAC(G37,CONCATENATE("31/12/",YEAR(G37)),1)>0.502, ROUND(YEARFRAC(CONCATENATE("31/12/",YEAR(G37)-1),IF( YEARFRAC(H37,CONCATENATE("31/12/",YEAR(H37)),1)>0.502, CONCATENATE("31/12/",YEAR(H37)-1), CONCATENATE("31/12/",YEAR(H37)) ),1),0), ROUND(YEARFRAC(CONCATENATE("31/12/",YEAR(G37)),IF( YEARFRAC(H37,CONCATENATE("31/12/",YEAR(H37)),1)>0.502, CONCATENATE("31/12/",YEAR(H37)-1), CONCATENATE("31/12/",YEAR(H37)) ),1),0) )) | G37: {=IF(ISBLANK(N37)," ",_xlfn.XLOOKUP(D37,#REF!,#REF!))} | H37: =O37 -> 0 | I37: {=IF(ISBLANK(K37)," ",_xlfn.XLOOKUP(D37,#REF!,#REF!))} | J37: {=IF(ISBLANK(N37)," ",_xlfn.XLOOKUP(F37,Edades!$A$2:$A$101,IF(I37="F",Edades!$B$2:$B$101,Edades!$C$2:$C$101)))}
C38: =#REF! -> #REF! | D38: =#REF! -> #REF! | E38: =CONCATENATE("https://speedskatingresults.com/api/json/skater_competitions?skater=",D38,"&season=",$B$6) -> #REF! | F38: =IF(ISBLANK(N38)," ",IF( YEARFRAC(G38,CONCATENATE("31/12/",YEAR(G38)),1)>0.502, ROUND(YEARFRAC(CONCATENATE("31/12/",YEAR(G38)-1),IF( YEARFRAC(H38,CONCATENATE("31/12/",YEAR(H38)),1)>0.502, CONCATENATE("31/12/",YEAR(H38)-1), CONCATENATE("31/12/",YEAR(H38)) ),1),0), ROUND(YEARFRAC(CONCATENATE("31/12/",YEAR(G38)),IF( YEARFRAC(H38,CONCATENATE("31/12/",YEAR(H38)),1)>0.502, CONCATENATE("31/12/",YEAR(H38)-1), CONCATENATE("31/12/",YEAR(H38)) ),1),0) )) | G38: {=IF(ISBLANK(N38)," ",_xlfn.XLOOKUP(D38,#REF!,#REF!))} | H38: =O38 -> 0 | I38: {=IF(ISBLANK(K38)," ",_xlfn.XLOOKUP(D38,#REF!,#REF!))} | J38: {=IF(ISBLANK(N38)," ",_xlfn.XLOOKUP(F38,Edades!$A$2:$A$101,IF(I38="F",Edades!$B$2:$B$101,Edades!$C$2:$C$101)))}
C39: =#REF! -> #REF! | D39: =#REF! -> #REF! | E39: =CONCATENATE("https://speedskatingresults.com/api/json/skater_competitions?skater=",D39,"&season=",$B$6) -> #REF! | F39: =IF(ISBLANK(N39)," ",IF( YEARFRAC(G39,CONCATENATE("31/12/",YEAR(G39)),1)>0.502, ROUND(YEARFRAC(CONCATENATE("31/12/",YEAR(G39)-1),IF( YEARFRAC(H39,CONCATENATE("31/12/",YEAR(H39)),1)>0.502, CONCATENATE("31/12/",YEAR(H39)-1), CONCATENATE("31/12/",YEAR(H39)) ),1),0), ROUND(YEARFRAC(CONCATENATE("31/12/",YEAR(G39)),IF( YEARFRAC(H39,CONCATENATE("31/12/",YEAR(H39)),1)>0.502, CONCATENATE("31/12/",YEAR(H39)-1), CONCATENATE("31/12/",YEAR(H39)) ),1),0) )) | G39: {=IF(ISBLANK(N39)," ",_xlfn.XLOOKUP(D39,#REF!,#REF!))} | H39: =O39 -> 0 | I39: {=IF(ISBLANK(K39)," ",_xlfn.XLOOKUP(D39,#REF!,#REF!))} | J39: {=IF(ISBLANK(N39)," ",_xlfn.XLOOKUP(F39,Edades!$A$2:$A$101,IF(I39="F",Edades!$B$2:$B$101,Edades!$C$2:$C$101)))}
C40: =#REF! -> #REF! | D40: =#REF! -> #REF! | E40: =CONCATENATE("https://speedskatingresults.com/api/json/skater_competitions?skater=",D40,"&season=",$B$6) -> #REF! | F40: =IF(ISBLANK(N40)," ",IF( YEARFRAC(G40,CONCATENATE("31/12/",YEAR(G40)),1)>0.502, ROUND(YEARFRAC(CONCATENATE("31/12/",YEAR(G40)-1),IF( YEARFRAC(H40,CONCATENATE("31/12/",YEAR(H40)),1)>0.502, CONCATENATE("31/12/",YEAR(H40)-1), CONCATENATE("31/12/",YEAR(H40)) ),1),0), ROUND(YEARFRAC(CONCATENATE("31/12/",YEAR(G40)),IF( YEARFRAC(H40,CONCATENATE("31/12/",YEAR(H40)),1)>0.502, CONCATENATE("31/12/",YEAR(H40)-1), CONCATENATE("31/12/",YEAR(H40)) ),1),0) )) | G40: {=IF(ISBLANK(N40)," ",_xlfn.XLOOKUP(D40,#REF!,#REF!))} | H40: =O40 -> 0 | I40: {=IF(ISBLANK(K40)," ",_xlfn.XLOOKUP(D40,#REF!,#REF!))} | J40: {=IF(ISBLANK(N40)," ",_xlfn.XLOOKUP(F40,Edades!$A$2:$A$101,IF(I40="F",Edades!$B$2:$B$101,Edades!$C$2:$C$101)))}
C41: =#REF! -> #REF! | D41: =#REF! -> #REF! | E41: =CONCATENATE("https://speedskatingresults.com/api/json/skater_competitions?skater=",D41,"&season=",$B$6) -> #REF! | F41: =IF(ISBLANK(N41)," ",IF( YEARFRAC(G41,CONCATENATE("31/12/",YEAR(G41)),1)>0.502, ROUND(YEARFRAC(CONCATENATE("31/12/",YEAR(G41)-1),IF( YEARFRAC(H41,CONCATENATE("31/12/",YEAR(H41)),1)>0.502, CONCATENATE("31/12/",YEAR(H41)-1), CONCATENATE("31/12/",YEAR(H41)) ),1),0), ROUND(YEARFRAC(CONCATENATE("31/12/",YEAR(G41)),IF( YEARFRAC(H41,CONCATENATE("31/12/",YEAR(H41)),1)>0.502, CONCATENATE("31/12/",YEAR(H41)-1), CONCATENATE("31/12/",YEAR(H41)) ),1),0) )) -> #NAME? | G41: {=IF(ISBLANK(N41)," ",_xlfn.XLOOKUP(D41,#REF!,#REF!))} -> #NAME? | H41: =O41 -> 2026-03-12 | I41: {=IF(ISBLANK(K41)," ",_xlfn.XLOOKUP(D41,#REF!,#REF!))} -> #NAME? | J41: {=IF(ISBLANK(N41)," ",_xlfn.XLOOKUP(F41,Edades!$A$2:$A$101,IF(I41="F",Edades!$B$2:$B$101,Edades!$C$2:$C$101)))} -> #NAME? | K41: =IFERROR(__xludf.DUMMYFUNCTION("index(query(importjson(E41)),2,)"),"106065") -> 106065 | L41: =IFERROR(__xludf.DUMMYFUNCTION("""COMPUTED_VALUE"""),"2025") -> 2025 | M41: =IFERROR(__xludf.DUMMYFUNCTION("""COMPUTED_VALUE"""),"31912") -> 31912 | N41: =IFERROR(__xludf.DUMMYFUNCTION("""COMPUTED_VALUE"""),"2026 Olympic Oval Finale") -> 2026 Olympic Oval Finale | O41: =IFERROR(__xludf.DUMMYFUNCTION("""COMPUTED_VALUE"""),"2026-03-12") -> 2026-03-12 | P41: =IFERROR(__xludf.DUMMYFUNCTION("""COMPUTED_VALUE"""),"2026-03-15") -> 2026-03-15 | Q41: =IFERROR(__xludf.DUMMYFUNCTION("""COMPUTED_VALUE"""),"Calgary (CAN)") -> Calgary (CAN) | R41: =IFERROR(__xludf.DUMMYFUNCTION("""COMPUTED_VALUE"""),"5") -> 5 | S41: =IFERROR(__xludf.DUMMYFUNCTION("""COMPUTED_VALUE"""),"http://speedskatingresults.com/index.php?p=2&e=31912&s=106065") -> http://speedskatingresults.com/index.php?p=2&e=31912&s=106065
C42: =#REF! -> #REF! | D42: =#REF! -> #REF! | E42: =CONCATENATE("https://speedskatingresults.com/api/json/skater_competitions?skater=",D42,"&season=",$B$6) -> #REF! | F42: =IF(ISBLANK(N42)," ",IF( YEARFRAC(G42,CONCATENATE("31/12/",YEAR(G42)),1)>0.502, ROUND(YEARFRAC(CONCATENATE("31/12/",YEAR(G42)-1),IF( YEARFRAC(H42,CONCATENATE("31/12/",YEAR(H42)),1)>0.502, CONCATENATE("31/12/",YEAR(H42)-1), CONCATENATE("31/12/",YEAR(H42)) ),1),0), ROUND(YEARFRAC(CONCATENATE("31/12/",YEAR(G42)),IF( YEARFRAC(H42,CONCATENATE("31/12/",YEAR(H42)),1)>0.502, CONCATENATE("31/12/",YEAR(H42)-1), CONCATENATE("31/12/",YEAR(H42)) ),1),0) )) | G42: {=IF(ISBLANK(N42)," ",_xlfn.XLOOKUP(D42,#REF!,#REF!))} | H42: =O42 -> 0 | I42: {=IF(ISBLANK(K42)," ",_xlfn.XLOOKUP(D42,#REF!,#REF!))} | J42: {=IF(ISBLANK(N42)," ",_xlfn.XLOOKUP(F42,Edades!$A$2:$A$101,IF(I42="F",Edades!$B$2:$B$101,Edades!$C$2:$C$101)))}
C43: =#REF! -> #REF! | D43: =#REF! -> #REF! | E43: =CONCATENATE("https://speedskatingresults.com/api/json/skater_competitions?skater=",D43,"&season=",$B$6) -> #REF! | F43: =IF(ISBLANK(N43)," ",IF( YEARFRAC(G43,CONCATENATE("31/12/",YEAR(G43)),1)>0.502, ROUND(YEARFRAC(CONCATENATE("31/12/",YEAR(G43)-1),IF( YEARFRAC(H43,CONCATENATE("31/12/",YEAR(H43)),1)>0.502, CONCATENATE("31/12/",YEAR(H43)-1), CONCATENATE("31/12/",YEAR(H43)) ),1),0), ROUND(YEARFRAC(CONCATENATE("31/12/",YEAR(G43)),IF( YEARFRAC(H43,CONCATENATE("31/12/",YEAR(H43)),1)>0.502, CONCATENATE("31/12/",YEAR(H43)-1), CONCATENATE("31/12/",YEAR(H43)) ),1),0) )) | G43: {=IF(ISBLANK(N43)," ",_xlfn.XLOOKUP(D43,#REF!,#REF!))} | H43: =O43 -> 0 | I43: {=IF(ISBLANK(K43)," ",_xlfn.XLOOKUP(D43,#REF!,#REF!))} | J43: {=IF(ISBLANK(N43)," ",_xlfn.XLOOKUP(F43,Edades!$A$2:$A$101,IF(I43="F",Edades!$B$2:$B$101,Edades!$C$2:$C$101)))}
C44: =#REF! -> #REF! | D44: =#REF! -> #REF! | E44: =CONCATENATE("https://speedskatingresults.com/api/json/skater_competitions?skater=",D44,"&season=",$B$6) -> #REF! | F44: =IF(ISBLANK(N44)," ",IF( YEARFRAC(G44,CONCATENATE("31/12/",YEAR(G44)),1)>0.502, ROUND(YEARFRAC(CONCATENATE("31/12/",YEAR(G44)-1),IF( YEARFRAC(H44,CONCATENATE("31/12/",YEAR(H44)),1)>0.502, CONCATENATE("31/12/",YEAR(H44)-1), CONCATENATE("31/12/",YEAR(H44)) ),1),0), ROUND(YEARFRAC(CONCATENATE("31/12/",YEAR(G44)),IF( YEARFRAC(H44,CONCATENATE("31/12/",YEAR(H44)),1)>0.502, CONCATENATE("31/12/",YEAR(H44)-1), CONCATENATE("31/12/",YEAR(H44)) ),1),0) )) | G44: {=IF(ISBLANK(N44)," ",_xlfn.XLOOKUP(D44,#REF!,#REF!))} | H44: =O44 -> 0 | I44: {=IF(ISBLANK(K44)," ",_xlfn.XLOOKUP(D44,#REF!,#REF!))} | J44: {=IF(ISBLANK(N44)," ",_xlfn.XLOOKUP(F44,Edades!$A$2:$A$101,IF(I44="F",Edades!$B$2:$B$101,Edades!$C$2:$C$101)))}
C45: =#REF! -> #REF! | D45: =#REF! -> #REF! | E45: =CONCATENATE("https://speedskatingresults.com/api/json/skater_competitions?skater=",D45,"&season=",$B$6) -> #REF! | F45: =IF(ISBLANK(N45)," ",IF( YEARFRAC(G45,CONCATENATE("31/12/",YEAR(G45)),1)>0.502, ROUND(YEARFRAC(CONCATENATE("31/12/",YEAR(G45)-1),IF( YEARFRAC(H45,CONCATENATE("31/12/",YEAR(H45)),1)>0.502, CONCATENATE("31/12/",YEAR(H45)-1), CONCATENATE("31/12/",YEAR(H45)) ),1),0), ROUND(YEARFRAC(CONCATENATE("31/12/",YEAR(G45)),IF( YEARFRAC(H45,CONCATENATE("31/12/",YEAR(H45)),1)>0.502, CONCATENATE("31/12/",YEAR(H45)-1), CONCATENATE("31/12/",YEAR(H45)) ),1),0) )) -> #NAME? | G45: {=IF(ISBLANK(N45)," ",_xlfn.XLOOKUP(D45,#REF!,#REF!))} -> #NAME? | H45: =O45 -> 2026-03-05 | I45: {=IF(ISBLANK(K45)," ",_xlfn.XLOOKUP(D45,#REF!,#REF!))} -> #NAME? | J45: {=IF(ISBLANK(N45)," ",_xlfn.XLOOKUP(F45,Edades!$A$2:$A$101,IF(I45="F",Edades!$B$2:$B$101,Edades!$C$2:$C$101)))} -> #NAME? | K45: =IFERROR(__xludf.DUMMYFUNCTION("index(query(importjson(E45)),2,)"),"57301") -> 57301 | L45: =IFERROR(__xludf.DUMMYFUNCTION("""COMPUTED_VALUE"""),"2025") -> 2025 | M45: =IFERROR(__xludf.DUMMYFUNCTION("""COMPUTED_VALUE"""),"31847") -> 31847 | N45: =IFERROR(__xludf.DUMMYFUNCTION("""COMPUTED_VALUE"""),"ISU Speed Skating World Sprint Championships 2026") -> ISU Speed Skating World Sprint Championships 2026 | O45: =IFERROR(__xludf.DUMMYFUNCTION("""COMPUTED_VALUE"""),"2026-03-05") -> 2026-03-05 | P45: =IFERROR(__xludf.DUMMYFUNCTION("""COMPUTED_VALUE"""),"2026-03-06") -> 2026-03-06 | Q45: =IFERROR(__xludf.DUMMYFUNCTION("""COMPUTED_VALUE"""),"Heerenveen (NED)") -> Heerenveen (NED) | R45: =IFERROR(__xludf.DUMMYFUNCTION("""COMPUTED_VALUE"""),"9") -> 9 | S45: =IFERROR(__xludf.DUMMYFUNCTION("""COMPUTED_VALUE"""),"http://speedskatingresults.com/index.php?p=2&e=31847&s=57301") -> http://speedskatingresults.com/index.php?p=2&e=31847&s=57301
C46: =#REF! -> #REF! | D46: =#REF! -> #REF! | E46: =CONCATENATE("https://speedskatingresults.com/api/json/skater_competitions?skater=",D46,"&season=",$B$6) -> #REF! | F46: =IF(ISBLANK(N46)," ",IF( YEARFRAC(G46,CONCATENATE("31/12/",YEAR(G46)),1)>0.502, ROUND(YEARFRAC(CONCATENATE("31/12/",YEAR(G46)-1),IF( YEARFRAC(H46,CONCATENATE("31/12/",YEAR(H46)),1)>0.502, CONCATENATE("31/12/",YEAR(H46)-1), CONCATENATE("31/12/",YEAR(H46)) ),1),0), ROUND(YEARFRAC(CONCATENATE("31/12/",YEAR(G46)),IF( YEARFRAC(H46,CONCATENATE("31/12/",YEAR(H46)),1)>0.502, CONCATENATE("31/12/",YEAR(H46)-1), CONCATENATE("31/12/",YEAR(H46)) ),1),0) )) | G46: {=IF(ISBLANK(N46)," ",_xlfn.XLOOKUP(D46,#REF!,#REF!))} | H46: =O46 -> 0 | I46: {=IF(ISBLANK(K46)," ",_xlfn.XLOOKUP(D46,#REF!,#REF!))} | J46: {=IF(ISBLANK(N46)," ",_xlfn.XLOOKUP(F46,Edades!$A$2:$A$101,IF(I46="F",Edades!$B$2:$B$101,Edades!$C$2:$C$101)))}
C47: =#REF! -> #REF! | D47: =#REF! -> #REF! | E47: =CONCATENATE("https://speedskatingresults.com/api/json/skater_competitions?skater=",D47,"&season=",$B$6) -> #REF! | F47: =IF(ISBLANK(N47)," ",IF( YEARFRAC(G47,CONCATENATE("31/12/",YEAR(G47)),1)>0.502, ROUND(YEARFRAC(CONCATENATE("31/12/",YEAR(G47)-1),IF( YEARFRAC(H47,CONCATENATE("31/12/",YEAR(H47)),1)>0.502, CONCATENATE("31/12/",YEAR(H47)-1), CONCATENATE("31/12/",YEAR(H47)) ),1),0), ROUND(YEARFRAC(CONCATENATE("31/12/",YEAR(G47)),IF( YEARFRAC(H47,CONCATENATE("31/12/",YEAR(H47)),1)>0.502, CONCATENATE("31/12/",YEAR(H47)-1), CONCATENATE("31/12/",YEAR(H47)) ),1),0) )) | G47: {=IF(ISBLANK(N47)," ",_xlfn.XLOOKUP(D47,#REF!,#REF!))} | H47: =O47 -> 0 | I47: {=IF(ISBLANK(K47)," ",_xlfn.XLOOKUP(D47,#REF!,#REF!))} | J47: {=IF(ISBLANK(N47)," ",_xlfn.XLOOKUP(F47,Edades!$A$2:$A$101,IF(I47="F",Edades!$B$2:$B$101,Edades!$C$2:$C$101)))}
C48: =#REF! -> #REF! | D48: =#REF! -> #REF! | E48: =CONCATENATE("https://speedskatingresults.com/api/json/skater_competitions?skater=",D48,"&season=",$B$6) -> #REF! | F48: =IF(ISBLANK(N48)," ",IF( YEARFRAC(G48,CONCATENATE("31/12/",YEAR(G48)),1)>0.502, ROUND(YEARFRAC(CONCATENATE("31/12/",YEAR(G48)-1),IF( YEARFRAC(H48,CONCATENATE("31/12/",YEAR(H48)),1)>0.502, CONCATENATE("31/12/",YEAR(H48)-1), CONCATENATE("31/12/",YEAR(H48)) ),1),0), ROUND(YEARFRAC(CONCATENATE("31/12/",YEAR(G48)),IF( YEARFRAC(H48,CONCATENATE("31/12/",YEAR(H48)),1)>0.502, CONCATENATE("31/12/",YEAR(H48)-1), CONCATENATE("31/12/",YEAR(H48)) ),1),0) )) -> #NAME? | G48: {=IF(ISBLANK(N48)," ",_xlfn.XLOOKUP(D48,#REF!,#REF!))} -> #NAME? | H48: =O48 -> 2026-02-21 | I48: {=IF(ISBLANK(K48)," ",_xlfn.XLOOKUP(D48,#REF!,#REF!))} -> #NAME? | J48: {=IF(ISBLANK(N48)," ",_xlfn.XLOOKUP(F48,Edades!$A$2:$A$101,IF(I48="F",Edades!$B$2:$B$101,Edades!$C$2:$C$101)))} -> #NAME? | K48: =IFERROR(__xludf.DUMMYFUNCTION("index(query(importjson(E48)),2,)"),"92534") -> 92534 | L48: =IFERROR(__xludf.DUMMYFUNCTION("""COMPUTED_VALUE"""),"2025") -> 2025 | M48: =IFERROR(__xludf.DUMMYFUNCTION("""COMPUTED_VALUE"""),"31719") -> 31719 | N48: =IFERROR(__xludf.DUMMYFUNCTION("""COMPUTED_VALUE"""),"ISU Speed Skating Junior World Cup #3") -> ISU Speed Skating Junior World Cup #3 | O48: =IFERROR(__xludf.DUMMYFUNCTION("""COMPUTED_VALUE"""),"2026-02-21") -> 2026-02-21 | P48: =IFERROR(__xludf.DUMMYFUNCTION("""COMPUTED_VALUE"""),"2026-02-22") -> 2026-02-22 | Q48: =IFERROR(__xludf.DUMMYFUNCTION("""COMPUTED_VALUE"""),"Inzell (GER)") -> Inzell (GER) | R48: =IFERROR(__xludf.DUMMYFUNCTION("""COMPUTED_VALUE"""),"11") -> 11 | S48: =IFERROR(__xludf.DUMMYFUNCTION("""COMPUTED_VALUE"""),"http://speedskatingresults.com/index.php?p=2&e=31719&s=92534") -> http://speedskatingresults.com/index.php?p=2&e=31719&s=92534
C49: =#REF! -> #REF! | D49: =#REF! -> #REF! | E49: =CONCATENATE("https://speedskatingresults.com/api/json/skater_competitions?skater=",D49,"&season=",$B$6) -> #REF! | F49: =IF(ISBLANK(N49)," ",IF( YEARFRAC(G49,CONCATENATE("31/12/",YEAR(G49)),1)>0.502, ROUND(YEARFRAC(CONCATENATE("31/12/",YEAR(G49)-1),IF( YEARFRAC(H49,CONCATENATE("31/12/",YEAR(H49)),1)>0.502, CONCATENATE("31/12/",YEAR(H49)-1), CONCATENATE("31/12/",YEAR(H49)) ),1),0), ROUND(YEARFRAC(CONCATENATE("31/12/",YEAR(G49)),IF( YEARFRAC(H49,CONCATENATE("31/12/",YEAR(H49)),1)>0.502, CONCATENATE("31/12/",YEAR(H49)-1), CONCATENATE("31/12/",YEAR(H49)) ),1),0) )) -> #NAME? | G49: {=IF(ISBLANK(N49)," ",_xlfn.XLOOKUP(D49,#REF!,#REF!))} -> #NAME? | H49: =O49 -> 2026-02-21 | I49: {=IF(ISBLANK(K49)," ",_xlfn.XLOOKUP(D49,#REF!,#REF!))} -> #NAME? | J49: {=IF(ISBLANK(N49)," ",_xlfn.XLOOKUP(F49,Edades!$A$2:$A$101,IF(I49="F",Edades!$B$2:$B$101,Edades!$C$2:$C$101)))} -> #NAME? | K49: =IFERROR(__xludf.DUMMYFUNCTION("index(query(importjson(E49)),2,)"),"89457") -> 89457 | L49: =IFERROR(__xludf.DUMMYFUNCTION("""COMPUTED_VALUE"""),"2025") -> 2025 | M49: =IFERROR(__xludf.DUMMYFUNCTION("""COMPUTED_VALUE"""),"31719") -> 31719 | N49: =IFERROR(__xludf.DUMMYFUNCTION("""COMPUTED_VALUE"""),"ISU Speed Skating Junior World Cup #3") -> ISU Speed Skating Junior World Cup #3 | O49: =IFERROR(__xludf.DUMMYFUNCTION("""COMPUTED_VALUE"""),"2026-02-21") -> 2026-02-21 | P49: =IFERROR(__xludf.DUMMYFUNCTION("""COMPUTED_VALUE"""),"2026-02-22") -> 2026-02-22 | Q49: =IFERROR(__xludf.DUMMYFUNCTION("""COMPUTED_VALUE"""),"Inzell (GER)") -> Inzell (GER) | R49: =IFERROR(__xludf.DUMMYFUNCTION("""COMPUTED_VALUE"""),"11") -> 11 | S49: =IFERROR(__xludf.DUMMYFUNCTION("""COMPUTED_VALUE"""),"http://speedskatingresults.com/index.php?p=2&e=31719&s=89457") -> http://speedskatingresults.com/index.php?p=2&e=31719&s=89457
C50: =#REF! -> #REF! | D50: =#REF! -> #REF! | E50: =CONCATENATE("https://speedskatingresults.com/api/json/skater_competitions?skater=",D50,"&season=",$B$6) -> #REF! | F50: =IF(ISBLANK(N50)," ",IF( YEARFRAC(G50,CONCATENATE("31/12/",YEAR(G50)),1)>0.502, ROUND(YEARFRAC(CONCATENATE("31/12/",YEAR(G50)-1),IF( YEARFRAC(H50,CONCATENATE("31/12/",YEAR(H50)),1)>0.502, CONCATENATE("31/12/",YEAR(H50)-1), CONCATENATE("31/12/",YEAR(H50)) ),1),0), ROUND(YEARFRAC(CONCATENATE("31/12/",YEAR(G50)),IF( YEARFRAC(H50,CONCATENATE("31/12/",YEAR(H50)),1)>0.502, CONCATENATE("31/12/",YEAR(H50)-1), CONCATENATE("31/12/",YEAR(H50)) ),1),0) )) -> #NAME? | G50: {=IF(ISBLANK(N50)," ",_xlfn.XLOOKUP(D50,#REF!,#REF!))} -> #NAME? | H50: =O50 -> 2026-02-27 | I50: {=IF(ISBLANK(K50)," ",_xlfn.XLOOKUP(D50,#REF!,#REF!))} -> #NAME? | J50: {=IF(ISBLANK(N50)," ",_xlfn.XLOOKUP(F50,Edades!$A$2:$A$101,IF(I50="F",Edades!$B$2:$B$101,Edades!$C$2:$C$101)))} -> #NAME? | K50: =IFERROR(__xludf.DUMMYFUNCTION("index(query(importjson(E50)),2,)"),"106983") -> 106983 | L50: =IFERROR(__xludf.DUMMYFUNCTION("""COMPUTED_VALUE"""),"2025") -> 2025 | M50: =IFERROR(__xludf.DUMMYFUNCTION("""COMPUTED_VALUE"""),"31773") -> 31773 | N50: =IFERROR(__xludf.DUMMYFUNCTION("""COMPUTED_VALUE"""),"ISU Junior World Championships 2026") -> ISU Junior World Championships 2026 | O50: =IFERROR(__xludf.DUMMYFUNCTION("""COMPUTED_VALUE"""),"2026-02-27") -> 2026-02-27 | P50: =IFERROR(__xludf.DUMMYFUNCTION("""COMPUTED_VALUE"""),"2026-03-01") -> 2026-03-01 | Q50: =IFERROR(__xludf.DUMMYFUNCTION("""COMPUTED_VALUE"""),"Inzell (GER)") -> Inzell (GER) | R50: =IFERROR(__xludf.DUMMYFUNCTION("""COMPUTED_VALUE"""),"11") -> 11 | S50: =IFERROR(__xludf.DUMMYFUNCTION("""COMPUTED_VALUE"""),"http://speedskatingresults.com/index.php?p=2&e=31773&s=106983") -> http://speedskatingresults.com/index.php?p=2&e=31773&s=106983
C51: =#REF! -> #REF! | D51: =#REF! -> #REF! | E51: =CONCATENATE("https://speedskatingresults.com/api/json/skater_competitions?skater=",D51,"&season=",$B$6) -> #REF! | F51: =IF(ISBLANK(N51)," ",IF( YEARFRAC(G51,CONCATENATE("31/12/",YEAR(G51)),1)>0.502, ROUND(YEARFRAC(CONCATENATE("31/12/",YEAR(G51)-1),IF( YEARFRAC(H51,CONCATENATE("31/12/",YEAR(H51)),1)>0.502, CONCATENATE("31/12/",YEAR(H51)-1), CONCATENATE("31/12/",YEAR(H51)) ),1),0), ROUND(YEARFRAC(CONCATENATE("31/12/",YEAR(G51)),IF( YEARFRAC(H51,CONCATENATE("31/12/",YEAR(H51)),1)>0.502, CONCATENATE("31/12/",YEAR(H51)-1), CONCATENATE("31/12/",YEAR(H51)) ),1),0) )) | G51: {=IF(ISBLANK(N51)," ",_xlfn.XLOOKUP(D51,#REF!,#REF!))} | H51: =O51 -> 0 | I51: {=IF(ISBLANK(K51)," ",_xlfn.XLOOKUP(D51,#REF!,#REF!))} | J51: {=IF(ISBLANK(N51)," ",_xlfn.XLOOKUP(F51,Edades!$A$2:$A$101,IF(I51="F",Edades!$B$2:$B$101,Edades!$C$2:$C$101)))}
C52: =#REF! -> #REF! | D52: =#REF! -> #REF! | E52: =CONCATENATE("https://speedskatingresults.com/api/json/skater_competitions?skater=",D52,"&season=",$B$6) -> #REF! | F52: =IF(ISBLANK(N52)," ",IF( YEARFRAC(G52,CONCATENATE("31/12/",YEAR(G52)),1)>0.502, ROUND(YEARFRAC(CONCATENATE("31/12/",YEAR(G52)-1),IF( YEARFRAC(H52,CONCATENATE("31/12/",YEAR(H52)),1)>0.502, CONCATENATE("31/12/",YEAR(H52)-1), CONCATENATE("31/12/",YEAR(H52)) ),1),0), ROUND(YEARFRAC(CONCATENATE("31/12/",YEAR(G52)),IF( YEARFRAC(H52,CONCATENATE("31/12/",YEAR(H52)),1)>0.502, CONCATENATE("31/12/",YEAR(H52)-1), CONCATENATE("31/12/",YEAR(H52)) ),1),0) )) -> #NAME? | G52: {=IF(ISBLANK(N52)," ",_xlfn.XLOOKUP(D52,#REF!,#REF!))} -> #NAME? | H52: =O52 -> 2026-02-07 | I52: {=IF(ISBLANK(K52)," ",_xlfn.XLOOKUP(D52,#REF!,#REF!))} -> #NAME? | J52: {=IF(ISBLANK(N52)," ",_xlfn.XLOOKUP(F52,Edades!$A$2:$A$101,IF(I52="F",Edades!$B$2:$B$101,Edades!$C$2:$C$101)))} -> #NAME? | K52: =IFERROR(__xludf.DUMMYFUNCTION("index(query(importjson(E52)),2,)"),"108342") -> 108342 | L52: =IFERROR(__xludf.DUMMYFUNCTION("""COMPUTED_VALUE"""),"2025") -> 2025 | M52: =IFERROR(__xludf.DUMMYFUNCTION("""COMPUTED_VALUE"""),"31588") -> 31588 | N52: =IFERROR(__xludf.DUMMYFUNCTION("""COMPUTED_VALUE"""),"Olympic Winter Games 2026") -> Olympic Winter Games 2026 | O52: =IFERROR(__xludf.DUMMYFUNCTION("""COMPUTED_VALUE"""),"2026-02-07") -> 2026-02-07 | P52: =IFERROR(__xludf.DUMMYFUNCTION("""COMPUTED_VALUE"""),"2026-02-21") -> 2026-02-21 | Q52: =IFERROR(__xludf.DUMMYFUNCTION("""COMPUTED_VALUE"""),"Milano (ITA)") -> Milano (ITA) | R52: =IFERROR(__xludf.DUMMYFUNCTION("""COMPUTED_VALUE"""),"308") -> 308 | S52: =IFERROR(__xludf.DUMMYFUNCTION("""COMPUTED_VALUE"""),"http://speedskatingresults.com/index.php?p=2&e=31588&s=108342") -> http://speedskatingresults.com/index.php?p=2&e=31588&s=108342
C53: =#REF! -> #REF! | D53: =#REF! -> #REF! | E53: =CONCATENATE("https://speedskatingresults.com/api/json/skater_competitions?skater=",D53,"&season=",$B$6) -> #REF! | F53: =IF(ISBLANK(N53)," ",IF( YEARFRAC(G53,CONCATENATE("31/12/",YEAR(G53)),1)>0.502, ROUND(YEARFRAC(CONCATENATE("31/12/",YEAR(G53)-1),IF( YEARFRAC(H53,CONCATENATE("31/12/",YEAR(H53)),1)>0.502, CONCATENATE("31/12/",YEAR(H53)-1), CONCATENATE("31/12/",YEAR(H53)) ),1),0), ROUND(YEARFRAC(CONCATENATE("31/12/",YEAR(G53)),IF( YEARFRAC(H53,CONCATENATE("31/12/",YEAR(H53)),1)>0.502, CONCATENATE("31/12/",YEAR(H53)-1), CONCATENATE("31/12/",YEAR(H53)) ),1),0) )) -> #NAME? | G53: {=IF(ISBLANK(N53)," ",_xlfn.XLOOKUP(D53,#REF!,#REF!))} -> #NAME? | H53: =O53 -> 2025-10-24 | I53: {=IF(ISBLANK(K53)," ",_xlfn.XLOOKUP(D53,#REF!,#REF!))} -> #NAME? | J53: {=IF(ISBLANK(N53)," ",_xlfn.XLOOKUP(F53,Edades!$A$2:$A$101,IF(I53="F",Edades!$B$2:$B$101,Edades!$C$2:$C$101)))} -> #NAME? | K53: =IFERROR(__xludf.DUMMYFUNCTION("index(query(importjson(E53)),2,)"),"94320") -> 94320 | L53: =IFERROR(__xludf.DUMMYFUNCTION("""COMPUTED_VALUE"""),"2025") -> 2025 | M53: =IFERROR(__xludf.DUMMYFUNCTION("""COMPUTED_VALUE"""),"30591") -> 30591 | N53: =IFERROR(__xludf.DUMMYFUNCTION("""COMPUTED_VALUE"""),"International Race") -> International Race | O53: =IFERROR(__xludf.DUMMYFUNCTION("""COMPUTED_VALUE"""),"2025-10-24") -> 2025-10-24 | P53: =IFERROR(__xludf.DUMMYFUNCTION("""COMPUTED_VALUE"""),"2025-10-26") -> 2025-10-26 | Q53: =IFERROR(__xludf.DUMMYFUNCTION("""COMPUTED_VALUE"""),"Inzell (GER)") -> Inzell (GER) | R53: =IFERROR(__xludf.DUMMYFUNCTION("""COMPUTED_VALUE"""),"11") -> 11 | S53: =IFERROR(__xludf.DUMMYFUNCTION("""COMPUTED_VALUE"""),"http://speedskatingresults.com/index.php?p=2&e=30591&s=94320") -> http://speedskatingresults.com/index.php?p=2&e=30591&s=94320
C54: =#REF! -> #REF! | D54: =#REF! -> #REF! | E54: =CONCATENATE("https://speedskatingresults.com/api/json/skater_competitions?skater=",D54,"&season=",$B$6) -> #REF! | F54: =IF(ISBLANK(N54)," ",IF( YEARFRAC(G54,CONCATENATE("31/12/",YEAR(G54)),1)>0.502, ROUND(YEARFRAC(CONCATENATE("31/12/",YEAR(G54)-1),IF( YEARFRAC(H54,CONCATENATE("31/12/",YEAR(H54)),1)>0.502, CONCATENATE("31/12/",YEAR(H54)-1), CONCATENATE("31/12/",YEAR(H54)) ),1),0), ROUND(YEARFRAC(CONCATENATE("31/12/",YEAR(G54)),IF( YEARFRAC(H54,CONCATENATE("31/12/",YEAR(H54)),1)>0.502, CONCATENATE("31/12/",YEAR(H54)-1), CONCATENATE("31/12/",YEAR(H54)) ),1),0) )) -> #NAME? | G54: {=IF(ISBLANK(N54)," ",_xlfn.XLOOKUP(D54,#REF!,#REF!))} -> #NAME? | H54: =O54 -> 2025-10-24 | I54: {=IF(ISBLANK(K54)," ",_xlfn.XLOOKUP(D54,#REF!,#REF!))} -> #NAME? | J54: {=IF(ISBLANK(N54)," ",_xlfn.XLOOKUP(F54,Edades!$A$2:$A$101,IF(I54="F",Edades!$B$2:$B$101,Edades!$C$2:$C$101)))} -> #NAME? | K54: =IFERROR(__xludf.DUMMYFUNCTION("index(query(importjson(E54)),2,)"),"60820") -> 60820 | L54: =IFERROR(__xludf.DUMMYFUNCTION("""COMPUTED_VALUE"""),"2025") -> 2025 | M54: =IFERROR(__xludf.DUMMYFUNCTION("""COMPUTED_VALUE"""),"30591") -> 30591 | N54: =IFERROR(__xludf.DUMMYFUNCTION("""COMPUTED_VALUE"""),"International Race") -> International Race | O54: =IFERROR(__xludf.DUMMYFUNCTION("""COMPUTED_VALUE"""),"2025-10-24") -> 2025-10-24 | P54: =IFERROR(__xludf.DUMMYFUNCTION("""COMPUTED_VALUE"""),"2025-10-26") -> 2025-10-26 | Q54: =IFERROR(__xludf.DUMMYFUNCTION("""COMPUTED_VALUE"""),"Inzell (GER)") -> Inzell (GER) | R54: =IFERROR(__xludf.DUMMYFUNCTION("""COMPUTED_VALUE"""),"11") -> 11 | S54: =IFERROR(__xludf.DUMMYFUNCTION("""COMPUTED_VALUE"""),"http://speedskatingresults.com/index.php?p=2&e=30591&s=60820") -> http://speedskatingresults.com/index.php?p=2&e=30591&s=60820
C55: =#REF! -> #REF! | D55: =#REF! -> #REF! | E55: =CONCATENATE("https://speedskatingresults.com/api/json/skater_competitions?skater=",D55,"&season=",$B$6) -> #REF! | F55: =IF(ISBLANK(N55)," ",IF( YEARFRAC(G55,CONCATENATE("31/12/",YEAR(G55)),1)>0.502, ROUND(YEARFRAC(CONCATENATE("31/12/",YEAR(G55)-1),IF( YEARFRAC(H55,CONCATENATE("31/12/",YEAR(H55)),1)>0.502, CONCATENATE("31/12/",YEAR(H55)-1), CONCATENATE("31/12/",YEAR(H55)) ),1),0), ROUND(YEARFRAC(CONCATENATE("31/12/",YEAR(G55)),IF( YEARFRAC(H55,CONCATENATE("31/12/",YEAR(H55)),1)>0.502, CONCATENATE("31/12/",YEAR(H55)-1), CONCATENATE("31/12/",YEAR(H55)) ),1),0) )) | G55: {=IF(ISBLANK(N55)," ",_xlfn.XLOOKUP(D55,#REF!,#REF!))} | H55: =O55 -> 0 | I55: {=IF(ISBLANK(K55)," ",_xlfn.XLOOKUP(D55,#REF!,#REF!))} | J55: {=IF(ISBLANK(N55)," ",_xlfn.XLOOKUP(F55,Edades!$A$2:$A$101,IF(I55="F",Edades!$B$2:$B$101,Edades!$C$2:$C$101)))}
C56: =#REF! -> #REF! | D56: =#REF! -> #REF! | E56: =CONCATENATE("https://speedskatingresults.com/api/json/skater_competitions?skater=",D56,"&season=",$B$6) -> #REF! | F56: =IF(ISBLANK(N56)," ",IF( YEARFRAC(G56,CONCATENATE("31/12/",YEAR(G56)),1)>0.502, ROUND(YEARFRAC(CONCATENATE("31/12/",YEAR(G56)-1),IF( YEARFRAC(H56,CONCATENATE("31/12/",YEAR(H56)),1)>0.502, CONCATENATE("31/12/",YEAR(H56)-1), CONCATENATE("31/12/",YEAR(H56)) ),1),0), ROUND(YEARFRAC(CONCATENATE("31/12/",YEAR(G56)),IF( YEARFRAC(H56,CONCATENATE("31/12/",YEAR(H56)),1)>0.502, CONCATENATE("31/12/",YEAR(H56)-1), CONCATENATE("31/12/",YEAR(H56)) ),1),0) )) | G56: {=IF(ISBLANK(N56)," ",_xlfn.XLOOKUP(D56,#REF!,#REF!))} | H56: =O56 -> 0 | I56: {=IF(ISBLANK(K56)," ",_xlfn.XLOOKUP(D56,#REF!,#REF!))} | J56: {=IF(ISBLANK(N56)," ",_xlfn.XLOOKUP(F56,Edades!$A$2:$A$101,IF(I56="F",Edades!$B$2:$B$101,Edades!$C$2:$C$101)))}
C57: =#REF! -> #REF! | D57: =#REF! -> #REF! | E57: =CONCATENATE("https://speedskatingresults.com/api/json/skater_competitions?skater=",D57,"&season=",$B$6) -> #REF! | F57: =IF(ISBLANK(N57)," ",IF( YEARFRAC(G57,CONCATENATE("31/12/",YEAR(G57)),1)>0.502, ROUND(YEARFRAC(CONCATENATE("31/12/",YEAR(G57)-1),IF( YEARFRAC(H57,CONCATENATE("31/12/",YEAR(H57)),1)>0.502, CONCATENATE("31/12/",YEAR(H57)-1), CONCATENATE("31/12/",YEAR(H57)) ),1),0), ROUND(YEARFRAC(CONCATENATE("31/12/",YEAR(G57)),IF( YEARFRAC(H57,CONCATENATE("31/12/",YEAR(H57)),1)>0.502, CONCATENATE("31/12/",YEAR(H57)-1), CONCATENATE("31/12/",YEAR(H57)) ),1),0) )) -> #NAME? | G57: {=IF(ISBLANK(N57)," ",_xlfn.XLOOKUP(D57,#REF!,#REF!))} -> #NAME? | H57: =O57 -> 2026-03-04 | I57: {=IF(ISBLANK(K57)," ",_xlfn.XLOOKUP(D57,#REF!,#REF!))} -> #NAME? | J57: {=IF(ISBLANK(N57)," ",_xlfn.XLOOKUP(F57,Edades!$A$2:$A$101,IF(I57="F",Edades!$B$2:$B$101,Edades!$C$2:$C$101)))} -> #NAME? | K57: =IFERROR(__xludf.DUMMYFUNCTION("index(query(importjson(E57)),2,)"),"5540") -> 5540 | L57: =IFERROR(__xludf.DUMMYFUNCTION("""COMPUTED_VALUE"""),"2025") -> 2025 | M57: =IFERROR(__xludf.DUMMYFUNCTION("""COMPUTED_VALUE"""),"32050") -> 32050 | N57: =IFERROR(__xludf.DUMMYFUNCTION("""COMPUTED_VALUE"""),"OABIK Skøyteutvalget: Testløp på Valle Hovin.") -> OABIK Skøyteutvalget: Testløp på Valle Hovin. | O57: =IFERROR(__xludf.DUMMYFUNCTION("""COMPUTED_VALUE"""),"2026-03-04") -> 2026-03-04 | P57: =IFERROR(__xludf.DUMMYFUNCTION("""COMPUTED_VALUE"""),"2026-03-04") -> 2026-03-04 | Q57: =IFERROR(__xludf.DUMMYFUNCTION("""COMPUTED_VALUE"""),"Oslo - Valle Hovin (NOR)") -> Oslo - Valle Hovin (NOR) | R57: =IFERROR(__xludf.DUMMYFUNCTION("""COMPUTED_VALUE"""),"37") -> 37 | S57: =IFERROR(__xludf.DUMMYFUNCTION("""COMPUTED_VALUE"""),"http://speedskatingresults.com/index.php?p=2&e=32050&s=5540") -> http://speedskatingresults.com/index.php?p=2&e=32050&s=5540
C58: =#REF! -> #REF! | D58: =#REF! -> #REF! | E58: =CONCATENATE("https://speedskatingresults.com/api/json/skater_competitions?skater=",D58,"&season=",$B$6) -> #REF! | F58: =IF(ISBLANK(N58)," ",IF( YEARFRAC(G58,CONCATENATE("31/12/",YEAR(G58)),1)>0.502, ROUND(YEARFRAC(CONCATENATE("31/12/",YEAR(G58)-1),IF( YEARFRAC(H58,CONCATENATE("31/12/",YEAR(H58)),1)>0.502, CONCATENATE("31/12/",YEAR(H58)-1), CONCATENATE("31/12/",YEAR(H58)) ),1),0), ROUND(YEARFRAC(CONCATENATE("31/12/",YEAR(G58)),IF( YEARFRAC(H58,CONCATENATE("31/12/",YEAR(H58)),1)>0.502, CONCATENATE("31/12/",YEAR(H58)-1), CONCATENATE("31/12/",YEAR(H58)) ),1),0) )) -> #NAME? | G58: {=IF(ISBLANK(N58)," ",_xlfn.XLOOKUP(D58,#REF!,#REF!))} -> #NAME? | H58: =O58 -> 2026-02-21 | I58: {=IF(ISBLANK(K58)," ",_xlfn.XLOOKUP(D58,#REF!,#REF!))} -> #NAME? | J58: {=IF(ISBLANK(N58)," ",_xlfn.XLOOKUP(F58,Edades!$A$2:$A$101,IF(I58="F",Edades!$B$2:$B$101,Edades!$C$2:$C$101)))} -> #NAME? | K58: =IFERROR(__xludf.DUMMYFUNCTION("index(query(importjson(E58)),2,)"),"75917") -> 75917 | L58: =IFERROR(__xludf.DUMMYFUNCTION("""COMPUTED_VALUE"""),"2025") -> 2025 | M58: =IFERROR(__xludf.DUMMYFUNCTION("""COMPUTED_VALUE"""),"31719") -> 31719 | N58: =IFERROR(__xludf.DUMMYFUNCTION("""COMPUTED_VALUE"""),"ISU Speed Skating Junior World Cup #3") -> ISU Speed Skating Junior World Cup #3 | O58: =IFERROR(__xludf.DUMMYFUNCTION("""COMPUTED_VALUE"""),"2026-02-21") -> 2026-02-21 | P58: =IFERROR(__xludf.DUMMYFUNCTION("""COMPUTED_VALUE"""),"2026-02-22") -> 2026-02-22 | Q58: =IFERROR(__xludf.DUMMYFUNCTION("""COMPUTED_VALUE"""),"Inzell (GER)") -> Inzell (GER) | R58: =IFERROR(__xludf.DUMMYFUNCTION("""COMPUTED_VALUE"""),"11") -> 11 | S58: =IFERROR(__xludf.DUMMYFUNCTION("""COMPUTED_VALUE"""),"http://speedskatingresults.com/index.php?p=2&e=31719&s=75917") -> http://speedskatingresults.com/index.php?p=2&e=31719&s=75917
C59: =#REF! -> #REF! | D59: =#REF! -> #REF! | E59: =CONCATENATE("https://speedskatingresults.com/api/json/skater_competitions?skater=",D59,"&season=",$B$6) -> #REF! | F59: =IF(ISBLANK(N59)," ",IF( YEARFRAC(G59,CONCATENATE("31/12/",YEAR(G59)),1)>0.502, ROUND(YEARFRAC(CONCATENATE("31/12/",YEAR(G59)-1),IF( YEARFRAC(H59,CONCATENATE("31/12/",YEAR(H59)),1)>0.502, CONCATENATE("31/12/",YEAR(H59)-1), CONCATENATE("31/12/",YEAR(H59)) ),1),0), ROUND(YEARFRAC(CONCATENATE("31/12/",YEAR(G59)),IF( YEARFRAC(H59,CONCATENATE("31/12/",YEAR(H59)),1)>0.502, CONCATENATE("31/12/",YEAR(H59)-1), CONCATENATE("31/12/",YEAR(H59)) ),1),0) )) -> #NAME? | G59: {=IF(ISBLANK(N59)," ",_xlfn.XLOOKUP(D59,#REF!,#REF!))} -> #NAME? | H59: =O59 -> 2026-02-21 | I59: {=IF(ISBLANK(K59)," ",_xlfn.XLOOKUP(D59,#REF!,#REF!))} -> #NAME? | J59: {=IF(ISBLANK(N59)," ",_xlfn.XLOOKUP(F59,Edades!$A$2:$A$101,IF(I59="F",Edades!$B$2:$B$101,Edades!$C$2:$C$101)))} -> #NAME? | K59: =IFERROR(__xludf.DUMMYFUNCTION("index(query(importjson(E59)),2,)"),"83279") -> 83279 | L59: =IFERROR(__xludf.DUMMYFUNCTION("""COMPUTED_VALUE"""),"2025") -> 2025 | M59: =IFERROR(__xludf.DUMMYFUNCTION("""COMPUTED_VALUE"""),"31719") -> 31719 | N59: =IFERROR(__xludf.DUMMYFUNCTION("""COMPUTED_VALUE"""),"ISU Speed Skating Junior World Cup #3") -> ISU Speed Skating Junior World Cup #3 | O59: =IFERROR(__xludf.DUMMYFUNCTION("""COMPUTED_VALUE"""),"2026-02-21") -> 2026-02-21 | P59: =IFERROR(__xludf.DUMMYFUNCTION("""COMPUTED_VALUE"""),"2026-02-22") -> 2026-02-22 | Q59: =IFERROR(__xludf.DUMMYFUNCTION("""COMPUTED_VALUE"""),"Inzell (GER)") -> Inzell (GER) | R59: =IFERROR(__xludf.DUMMYFUNCTION("""COMPUTED_VALUE"""),"11") -> 11 | S59: =IFERROR(__xludf.DUMMYFUNCTION("""COMPUTED_VALUE"""),"http://speedskatingresults.com/index.php?p=2&e=31719&s=83279") -> http://speedskatingresults.com/index.php?p=2&e=31719&s=83279
C60: =#REF! -> #REF! | D60: =#REF! -> #REF! | E60: =CONCATENATE("https://speedskatingresults.com/api/json/skater_competitions?skater=",D60,"&season=",$B$6) -> #REF! | F60: =IF(ISBLANK(N60)," ",IF( YEARFRAC(G60,CONCATENATE("31/12/",YEAR(G60)),1)>0.502, ROUND(YEARFRAC(CONCATENATE("31/12/",YEAR(G60)-1),IF( YEARFRAC(H60,CONCATENATE("31/12/",YEAR(H60)),1)>0.502, CONCATENATE("31/12/",YEAR(H60)-1), CONCATENATE("31/12/",YEAR(H60)) ),1),0), ROUND(YEARFRAC(CONCATENATE("31/12/",YEAR(G60)),IF( YEARFRAC(H60,CONCATENATE("31/12/",YEAR(H60)),1)>0.502, CONCATENATE("31/12/",YEAR(H60)-1), CONCATENATE("31/12/",YEAR(H60)) ),1),0) )) | G60: {=IF(ISBLANK(N60)," ",_xlfn.XLOOKUP(D60,#REF!,#REF!))} | H60: =O60 -> 0 | I60: {=IF(ISBLANK(K60)," ",_xlfn.XLOOKUP(D60,#REF!,#REF!))} | J60: {=IF(ISBLANK(N60)," ",_xlfn.XLOOKUP(F60,Edades!$A$2:$A$101,IF(I60="F",Edades!$B$2:$B$101,Edades!$C$2:$C$101)))}
C61: =#REF! -> #REF! | D61: =#REF! -> #REF! | E61: =CONCATENATE("https://speedskatingresults.com/api/json/skater_competitions?skater=",D61,"&season=",$B$6) -> #REF! | F61: =IF(ISBLANK(N61)," ",IF( YEARFRAC(G61,CONCATENATE("31/12/",YEAR(G61)),1)>0.502, ROUND(YEARFRAC(CONCATENATE("31/12/",YEAR(G61)-1),IF( YEARFRAC(H61,CONCATENATE("31/12/",YEAR(H61)),1)>0.502, CONCATENATE("31/12/",YEAR(H61)-1), CONCATENATE("31/12/",YEAR(H61)) ),1),0), ROUND(YEARFRAC(CONCATENATE("31/12/",YEAR(G61)),IF( YEARFRAC(H61,CONCATENATE("31/12/",YEAR(H61)),1)>0.502, CONCATENATE("31/12/",YEAR(H61)-1), CONCATENATE("31/12/",YEAR(H61)) ),1),0) )) | G61: {=IF(ISBLANK(N61)," ",_xlfn.XLOOKUP(D61,#REF!,#REF!))} | H61: =O61 -> 0 | I61: {=IF(ISBLANK(K61)," ",_xlfn.XLOOKUP(D61,#REF!,#REF!))} | J61: {=IF(ISBLANK(N61)," ",_xlfn.XLOOKUP(F61,Edades!$A$2:$A$101,IF(I61="F",Edades!$B$2:$B$101,Edades!$C$2:$C$101)))}
C62: =#REF! -> #REF! | D62: =#REF! -> #REF! | E62: =CONCATENATE("https://speedskatingresults.com/api/json/skater_competitions?skater=",D62,"&season=",$B$6) -> #REF! | F62: =IF(ISBLANK(N62)," ",IF( YEARFRAC(G62,CONCATENATE("31/12/",YEAR(G62)),1)>0.502, ROUND(YEARFRAC(CONCATENATE("31/12/",YEAR(G62)-1),IF( YEARFRAC(H62,CONCATENATE("31/12/",YEAR(H62)),1)>0.502, CONCATENATE("31/12/",YEAR(H62)-1), CONCATENATE("31/12/",YEAR(H62)) ),1),0), ROUND(YEARFRAC(CONCATENATE("31/12/",YEAR(G62)),IF( YEARFRAC(H62,CONCATENATE("31/12/",YEAR(H62)),1)>0.502, CONCATENATE("31/12/",YEAR(H62)-1), CONCATENATE("31/12/",YEAR(H62)) ),1),0) )) -> #NAME? | G62: {=IF(ISBLANK(N62)," ",_xlfn.XLOOKUP(D62,#REF!,#REF!))} -> #NAME? | H62: =O62 -> 2026-02-27 | I62: {=IF(ISBLANK(K62)," ",_xlfn.XLOOKUP(D62,#REF!,#REF!))} -> #NAME? | J62: {=IF(ISBLANK(N62)," ",_xlfn.XLOOKUP(F62,Edades!$A$2:$A$101,IF(I62="F",Edades!$B$2:$B$101,Edades!$C$2:$C$101)))} -> #NAME? | K62: =IFERROR(__xludf.DUMMYFUNCTION("index(query(importjson(E62)),2,)"),"79811") -> 79811 | L62: =IFERROR(__xludf.DUMMYFUNCTION("""COMPUTED_VALUE"""),"2025") -> 2025 | M62: =IFERROR(__xludf.DUMMYFUNCTION("""COMPUTED_VALUE"""),"31773") -> 31773 | N62: =IFERROR(__xludf.DUMMYFUNCTION("""COMPUTED_VALUE"""),"ISU Junior World Championships 2026") -> ISU Junior World Championships 2026 | O62: =IFERROR(__xludf.DUMMYFUNCTION("""COMPUTED_VALUE"""),"2026-02-27") -> 2026-02-27 | P62: =IFERROR(__xludf.DUMMYFUNCTION("""COMPUTED_VALUE"""),"2026-03-01") -> 2026-03-01 | Q62: =IFERROR(__xludf.DUMMYFUNCTION("""COMPUTED_VALUE"""),"Inzell (GER)") -> Inzell (GER) | R62: =IFERROR(__xludf.DUMMYFUNCTION("""COMPUTED_VALUE"""),"11") -> 11 | S62: =IFERROR(__xludf.DUMMYFUNCTION("""COMPUTED_VALUE"""),"http://speedskatingresults.com/index.php?p=2&e=31773&s=79811") -> http://speedskatingresults.com/index.php?p=2&e=31773&s=79811
C63: =#REF! -> #REF! | D63: =#REF! -> #REF! | E63: =CONCATENATE("https://speedskatingresults.com/api/json/skater_competitions?skater=",D63,"&season=",$B$6) -> #REF! | F63: =IF(ISBLANK(N63)," ",IF( YEARFRAC(G63,CONCATENATE("31/12/",YEAR(G63)),1)>0.502, ROUND(YEARFRAC(CONCATENATE("31/12/",YEAR(G63)-1),IF( YEARFRAC(H63,CONCATENATE("31/12/",YEAR(H63)),1)>0.502, CONCATENATE("31/12/",YEAR(H63)-1), CONCATENATE("31/12/",YEAR(H63)) ),1),0), ROUND(YEARFRAC(CONCATENATE("31/12/",YEAR(G63)),IF( YEARFRAC(H63,CONCATENATE("31/12/",YEAR(H63)),1)>0.502, CONCATENATE("31/12/",YEAR(H63)-1), CONCATENATE("31/12/",YEAR(H63)) ),1),0) )) | G63: {=IF(ISBLANK(N63)," ",_xlfn.XLOOKUP(D63,#REF!,#REF!))} | H63: =O63 -> 0 | I63: {=IF(ISBLANK(K63)," ",_xlfn.XLOOKUP(D63,#REF!,#REF!))} | J63: {=IF(ISBLANK(N63)," ",_xlfn.XLOOKUP(F63,Edades!$A$2:$A$101,IF(I63="F",Edades!$B$2:$B$101,Edades!$C$2:$C$101)))}
C64: =#REF! -> #REF! | D64: =#REF! -> #REF! | E64: =CONCATENATE("https://speedskatingresults.com/api/json/skater_competitions?skater=",D64,"&season=",$B$6) -> #REF! | F64: =IF(ISBLANK(N64)," ",IF( YEARFRAC(G64,CONCATENATE("31/12/",YEAR(G64)),1)>0.502, ROUND(YEARFRAC(CONCATENATE("31/12/",YEAR(G64)-1),IF( YEARFRAC(H64,CONCATENATE("31/12/",YEAR(H64)),1)>0.502, CONCATENATE("31/12/",YEAR(H64)-1), CONCATENATE("31/12/",YEAR(H64)) ),1),0), ROUND(YEARFRAC(CONCATENATE("31/12/",YEAR(G64)),IF( YEARFRAC(H64,CONCATENATE("31/12/",YEAR(H64)),1)>0.502, CONCATENATE("31/12/",YEAR(H64)-1), CONCATENATE("31/12/",YEAR(H64)) ),1),0) )) | G64: {=IF(ISBLANK(N64)," ",_xlfn.XLOOKUP(D64,#REF!,#REF!))} | H64: =O64 -> 0 | I64: {=IF(ISBLANK(K64)," ",_xlfn.XLOOKUP(D64,#REF!,#REF!))} | J64: {=IF(ISBLANK(N64)," ",_xlfn.XLOOKUP(F64,Edades!$A$2:$A$101,IF(I64="F",Edades!$B$2:$B$101,Edades!$C$2:$C$101)))}
C65: =#REF! -> #REF! | D65: =#REF! -> #REF! | E65: =CONCATENATE("https://speedskatingresults.com/api/json/skater_competitions?skater=",D65,"&season=",$B$6) -> #REF! | F65: =IF(ISBLANK(N65)," ",IF( YEARFRAC(G65,CONCATENATE("31/12/",YEAR(G65)),1)>0.502, ROUND(YEARFRAC(CONCATENATE("31/12/",YEAR(G65)-1),IF( YEARFRAC(H65,CONCATENATE("31/12/",YEAR(H65)),1)>0.502, CONCATENATE("31/12/",YEAR(H65)-1), CONCATENATE("31/12/",YEAR(H65)) ),1),0), ROUND(YEARFRAC(CONCATENATE("31/12/",YEAR(G65)),IF( YEARFRAC(H65,CONCATENATE("31/12/",YEAR(H65)),1)>0.502, CONCATENATE("31/12/",YEAR(H65)-1), CONCATENATE("31/12/",YEAR(H65)) ),1),0) )) | G65: {=IF(ISBLANK(N65)," ",_xlfn.XLOOKUP(D65,#REF!,#REF!))} | H65: =O65 -> 0 | I65: {=IF(ISBLANK(K65)," ",_xlfn.XLOOKUP(D65,#REF!,#REF!))} | J65: {=IF(ISBLANK(N65)," ",_xlfn.XLOOKUP(F65,Edades!$A$2:$A$101,IF(I65="F",Edades!$B$2:$B$101,Edades!$C$2:$C$101)))}
C66: =#REF! -> #REF! | D66: =#REF! -> #REF! | E66: =CONCATENATE("https://speedskatingresults.com/api/json/skater_competitions?skater=",D66,"&season=",$B$6) -> #REF! | F66: =IF(ISBLANK(N66)," ",IF( YEARFRAC(G66,CONCATENATE("31/12/",YEAR(G66)),1)>0.502, ROUND(YEARFRAC(CONCATENATE("31/12/",YEAR(G66)-1),IF( YEARFRAC(H66,CONCATENATE("31/12/",YEAR(H66)),1)>0.502, CONCATENATE("31/12/",YEAR(H66)-1), CONCATENATE("31/12/",YEAR(H66)) ),1),0), ROUND(YEARFRAC(CONCATENATE("31/12/",YEAR(G66)),IF( YEARFRAC(H66,CONCATENATE("31/12/",YEAR(H66)),1)>0.502, CONCATENATE("31/12/",YEAR(H66)-1), CONCATENATE("31/12/",YEAR(H66)) ),1),0) )) -> #NAME? | G66: {=IF(ISBLANK(N66)," ",_xlfn.XLOOKUP(D66,#REF!,#REF!))} -> #NAME? | H66: =O66 -> 2026-02-27 | I66: {=IF(ISBLANK(K66)," ",_xlfn.XLOOKUP(D66,#REF!,#REF!))} -> #NAME? | J66: {=IF(ISBLANK(N66)," ",_xlfn.XLOOKUP(F66,Edades!$A$2:$A$101,IF(I66="F",Edades!$B$2:$B$101,Edades!$C$2:$C$101)))} -> #NAME? | K66: =IFERROR(__xludf.DUMMYFUNCTION("index(query(importjson(E66)),2,)"),"79814") -> 79814 | L66: =IFERROR(__xludf.DUMMYFUNCTION("""COMPUTED_VALUE"""),"2025") -> 2025 | M66: =IFERROR(__xludf.DUMMYFUNCTION("""COMPUTED_VALUE"""),"31773") -> 31773 | N66: =IFERROR(__xludf.DUMMYFUNCTION("""COMPUTED_VALUE"""),"ISU Junior World Championships 2026") -> ISU Junior World Championships 2026 | O66: =IFERROR(__xludf.DUMMYFUNCTION("""COMPUTED_VALUE"""),"2026-02-27") -> 2026-02-27 | P66: =IFERROR(__xludf.DUMMYFUNCTION("""COMPUTED_VALUE"""),"2026-03-01") -> 2026-03-01 | Q66: =IFERROR(__xludf.DUMMYFUNCTION("""COMPUTED_VALUE"""),"Inzell (GER)") -> Inzell (GER) | R66: =IFERROR(__xludf.DUMMYFUNCTION("""COMPUTED_VALUE"""),"11") -> 11 | S66: =IFERROR(__xludf.DUMMYFUNCTION("""COMPUTED_VALUE"""),"http://speedskatingresults.com/index.php?p=2&e=31773&s=79814") -> http://speedskatingresults.com/index.php?p=2&e=31773&s=79814
C67: =#REF! -> #REF! | D67: =#REF! -> #REF! | E67: =CONCATENATE("https://speedskatingresults.com/api/json/skater_competitions?skater=",D67,"&season=",$B$6) -> #REF! | F67: =IF(ISBLANK(N67)," ",IF( YEARFRAC(G67,CONCATENATE("31/12/",YEAR(G67)),1)>0.502, ROUND(YEARFRAC(CONCATENATE("31/12/",YEAR(G67)-1),IF( YEARFRAC(H67,CONCATENATE("31/12/",YEAR(H67)),1)>0.502, CONCATENATE("31/12/",YEAR(H67)-1), CONCATENATE("31/12/",YEAR(H67)) ),1),0), ROUND(YEARFRAC(CONCATENATE("31/12/",YEAR(G67)),IF( YEARFRAC(H67,CONCATENATE("31/12/",YEAR(H67)),1)>0.502, CONCATENATE("31/12/",YEAR(H67)-1), CONCATENATE("31/12/",YEAR(H67)) ),1),0) )) | G67: {=IF(ISBLANK(N67)," ",_xlfn.XLOOKUP(D67,#REF!,#REF!))} | H67: =O67 -> 0 | I67: {=IF(ISBLANK(K67)," ",_xlfn.XLOOKUP(D67,#REF!,#REF!))} | J67: {=IF(ISBLANK(N67)," ",_xlfn.XLOOKUP(F67,Edades!$A$2:$A$101,IF(I67="F",Edades!$B$2:$B$101,Edades!$C$2:$C$101)))}
C68: =#REF! -> #REF! | D68: =#REF! -> #REF! | E68: =CONCATENATE("https://speedskatingresults.com/api/json/skater_competitions?skater=",D68,"&season=",$B$6) -> #REF! | F68: =IF(ISBLANK(N68)," ",IF( YEARFRAC(G68,CONCATENATE("31/12/",YEAR(G68)),1)>0.502, ROUND(YEARFRAC(CONCATENATE("31/12/",YEAR(G68)-1),IF( YEARFRAC(H68,CONCATENATE("31/12/",YEAR(H68)),1)>0.502, CONCATENATE("31/12/",YEAR(H68)-1), CONCATENATE("31/12/",YEAR(H68)) ),1),0), ROUND(YEARFRAC(CONCATENATE("31/12/",YEAR(G68)),IF( YEARFRAC(H68,CONCATENATE("31/12/",YEAR(H68)),1)>0.502, CONCATENATE("31/12/",YEAR(H68)-1), CONCATENATE("31/12/",YEAR(H68)) ),1),0) )) -> #NAME? | G68: {=IF(ISBLANK(N68)," ",_xlfn.XLOOKUP(D68,#REF!,#REF!))} -> #NAME? | H68: =O68 -> 2026-02-27 | I68: {=IF(ISBLANK(K68)," ",_xlfn.XLOOKUP(D68,#REF!,#REF!))} -> #NAME? | J68: {=IF(ISBLANK(N68)," ",_xlfn.XLOOKUP(F68,Edades!$A$2:$A$101,IF(I68="F",Edades!$B$2:$B$101,Edades!$C$2:$C$101)))} -> #NAME? | K68: =IFERROR(__xludf.DUMMYFUNCTION("index(query(importjson(E68)),2,)"),"106985") -> 106985 | L68: =IFERROR(__xludf.DUMMYFUNCTION("""COMPUTED_VALUE"""),"2025") -> 2025 | M68: =IFERROR(__xludf.DUMMYFUNCTION("""COMPUTED_VALUE"""),"31773") -> 31773 | N68: =IFERROR(__xludf.DUMMYFUNCTION("""COMPUTED_VALUE"""),"ISU Junior World Championships 2026") -> ISU Junior World Championships 2026 | O68: =IFERROR(__xludf.DUMMYFUNCTION("""COMPUTED_VALUE"""),"2026-02-27") -> 2026-02-27 | P68: =IFERROR(__xludf.DUMMYFUNCTION("""COMPUTED_VALUE"""),"2026-03-01") -> 2026-03-01 | Q68: =IFERROR(__xludf.DUMMYFUNCTION("""COMPUTED_VALUE"""),"Inzell (GER)") -> Inzell (GER) | R68: =IFERROR(__xludf.DUMMYFUNCTION("""COMPUTED_VALUE"""),"11") -> 11 | S68: =IFERROR(__xludf.DUMMYFUNCTION("""COMPUTED_VALUE"""),"http://speedskatingresults.com/index.php?p=2&e=31773&s=106985") -> http://speedskatingresults.com/index.php?p=2&e=31773&s=106985
C69: =#REF! -> #REF! | D69: =#REF! -> #REF! | E69: =CONCATENATE("https://speedskatingresults.com/api/json/skater_competitions?skater=",D69,"&season=",$B$6) -> #REF! | F69: =IF(ISBLANK(N69)," ",IF( YEARFRAC(G69,CONCATENATE("31/12/",YEAR(G69)),1)>0.502, ROUND(YEARFRAC(CONCATENATE("31/12/",YEAR(G69)-1),IF( YEARFRAC(H69,CONCATENATE("31/12/",YEAR(H69)),1)>0.502, CONCATENATE("31/12/",YEAR(H69)-1), CONCATENATE("31/12/",YEAR(H69)) ),1),0), ROUND(YEARFRAC(CONCATENATE("31/12/",YEAR(G69)),IF( YEARFRAC(H69,CONCATENATE("31/12/",YEAR(H69)),1)>0.502, CONCATENATE("31/12/",YEAR(H69)-1), CONCATENATE("31/12/",YEAR(H69)) ),1),0) )) | G69: {=IF(ISBLANK(N69)," ",_xlfn.XLOOKUP(D69,#REF!,#REF!))} | H69: =O69 -> 0 | I69: {=IF(ISBLANK(K69)," ",_xlfn.XLOOKUP(D69,#REF!,#REF!))} | J69: {=IF(ISBLANK(N69)," ",_xlfn.XLOOKUP(F69,Edades!$A$2:$A$101,IF(I69="F",Edades!$B$2:$B$101,Edades!$C$2:$C$101)))}
C70: =#REF! -> #REF! | D70: =#REF! -> #REF! | E70: =CONCATENATE("https://speedskatingresults.com/api/json/skater_competitions?skater=",D70,"&season=",$B$6) -> #REF! | F70: =IF(ISBLANK(N70)," ",IF( YEARFRAC(G70,CONCATENATE("31/12/",YEAR(G70)),1)>0.502, ROUND(YEARFRAC(CONCATENATE("31/12/",YEAR(G70)-1),IF( YEARFRAC(H70,CONCATENATE("31/12/",YEAR(H70)),1)>0.502, CONCATENATE("31/12/",YEAR(H70)-1), CONCATENATE("31/12/",YEAR(H70)) ),1),0), ROUND(YEARFRAC(CONCATENATE("31/12/",YEAR(G70)),IF( YEARFRAC(H70,CONCATENATE("31/12/",YEAR(H70)),1)>0.502, CONCATENATE("31/12/",YEAR(H70)-1), CONCATENATE("31/12/",YEAR(H70)) ),1),0) )) | G70: {=IF(ISBLANK(N70)," ",_xlfn.XLOOKUP(D70,#REF!,#REF!))} | H70: =O70 -> 0 | I70: {=IF(ISBLANK(K70)," ",_xlfn.XLOOKUP(D70,#REF!,#REF!))} | J70: {=IF(ISBLANK(N70)," ",_xlfn.XLOOKUP(F70,Edades!$A$2:$A$101,IF(I70="F",Edades!$B$2:$B$101,Edades!$C$2:$C$101)))}
C71: =#REF! -> #REF! | D71: =#REF! -> #REF! | E71: =CONCATENATE("https://speedskatingresults.com/api/json/skater_competitions?skater=",D71,"&season=",$B$6) -> #REF! | F71: =IF(ISBLANK(N71)," ",IF( YEARFRAC(G71,CONCATENATE("31/12/",YEAR(G71)),1)>0.502, ROUND(YEARFRAC(CONCATENATE("31/12/",YEAR(G71)-1),IF( YEARFRAC(H71,CONCATENATE("31/12/",YEAR(H71)),1)>0.502, CONCATENATE("31/12/",YEAR(H71)-1), CONCATENATE("31/12/",YEAR(H71)) ),1),0), ROUND(YEARFRAC(CONCATENATE("31/12/",YEAR(G71)),IF( YEARFRAC(H71,CONCATENATE("31/12/",YEAR(H71)),1)>0.502, CONCATENATE("31/12/",YEAR(H71)-1), CONCATENATE("31/12/",YEAR(H71)) ),1),0) )) | G71: {=IF(ISBLANK(N71)," ",_xlfn.XLOOKUP(D71,#REF!,#REF!))} | H71: =O71 -> 0 | I71: {=IF(ISBLANK(K71)," ",_xlfn.XLOOKUP(D71,#REF!,#REF!))} | J71: {=IF(ISBLANK(N71)," ",_xlfn.XLOOKUP(F71,Edades!$A$2:$A$101,IF(I71="F",Edades!$B$2:$B$101,Edades!$C$2:$C$101)))}
C72: =#REF! -> #REF! | D72: =#REF! -> #REF! | E72: =CONCATENATE("https://speedskatingresults.com/api/json/skater_competitions?skater=",D72,"&season=",$B$6) -> #REF! | F72: =IF(ISBLANK(N72)," ",IF( YEARFRAC(G72,CONCATENATE("31/12/",YEAR(G72)),1)>0.502, ROUND(YEARFRAC(CONCATENATE("31/12/",YEAR(G72)-1),IF( YEARFRAC(H72,CONCATENATE("31/12/",YEAR(H72)),1)>0.502, CONCATENATE("31/12/",YEAR(H72)-1), CONCATENATE("31/12/",YEAR(H72)) ),1),0), ROUND(YEARFRAC(CONCATENATE("31/12/",YEAR(G72)),IF( YEARFRAC(H72,CONCATENATE("31/12/",YEAR(H72)),1)>0.502, CONCATENATE("31/12/",YEAR(H72)-1), CONCATENATE("31/12/",YEAR(H72)) ),1),0) )) | G72: {=IF(ISBLANK(N72)," ",_xlfn.XLOOKUP(D72,#REF!,#REF!))} | H72: =O72 -> 0 | I72: {=IF(ISBLANK(K72)," ",_xlfn.XLOOKUP(D72,#REF!,#REF!))} | J72: {=IF(ISBLANK(N72)," ",_xlfn.XLOOKUP(F72,Edades!$A$2:$A$101,IF(I72="F",Edades!$B$2:$B$101,Edades!$C$2:$C$101)))}
C73: =#REF! -> #REF! | D73: =#REF! -> #REF! | E73: =CONCATENATE("https://speedskatingresults.com/api/json/skater_competitions?skater=",D73,"&season=",$B$6) -> #REF! | F73: =IF(ISBLANK(N73)," ",IF( YEARFRAC(G73,CONCATENATE("31/12/",YEAR(G73)),1)>0.502, ROUND(YEARFRAC(CONCATENATE("31/12/",YEAR(G73)-1),IF( YEARFRAC(H73,CONCATENATE("31/12/",YEAR(H73)),1)>0.502, CONCATENATE("31/12/",YEAR(H73)-1), CONCATENATE("31/12/",YEAR(H73)) ),1),0), ROUND(YEARFRAC(CONCATENATE("31/12/",YEAR(G73)),IF( YEARFRAC(H73,CONCATENATE("31/12/",YEAR(H73)),1)>0.502, CONCATENATE("31/12/",YEAR(H73)-1), CONCATENATE("31/12/",YEAR(H73)) ),1),0) )) -> #NAME? | G73: {=IF(ISBLANK(N73)," ",_xlfn.XLOOKUP(D73,#REF!,#REF!))} -> #NAME? | H73: =O73 -> 2025-12-06 | I73: {=IF(ISBLANK(K73)," ",_xlfn.XLOOKUP(D73,#REF!,#REF!))} -> #NAME? | J73: {=IF(ISBLANK(N73)," ",_xlfn.XLOOKUP(F73,Edades!$A$2:$A$101,IF(I73="F",Edades!$B$2:$B$101,Edades!$C$2:$C$101)))} -> #NAME? | K73: =IFERROR(__xludf.DUMMYFUNCTION("index(query(importjson(E73)),2,)"),"83554") -> 83554 | L73: =IFERROR(__xludf.DUMMYFUNCTION("""COMPUTED_VALUE"""),"2025") -> 2025 | M73: =IFERROR(__xludf.DUMMYFUNCTION("""COMPUTED_VALUE"""),"30908") -> 30908 | N73: =IFERROR(__xludf.DUMMYFUNCTION("""COMPUTED_VALUE"""),"ISU Speed Skating Junior World Cup #2") -> ISU Speed Skating Junior World Cup #2 | O73: =IFERROR(__xludf.DUMMYFUNCTION("""COMPUTED_VALUE"""),"2025-12-06") -> 2025-12-06 | P73: =IFERROR(__xludf.DUMMYFUNCTION("""COMPUTED_VALUE"""),"2025-12-07") -> 2025-12-07 | Q73: =IFERROR(__xludf.DUMMYFUNCTION("""COMPUTED_VALUE"""),"Collalbo (ITA)") -> Collalbo (ITA) | R73: =IFERROR(__xludf.DUMMYFUNCTION("""COMPUTED_VALUE"""),"10") -> 10 | S73: =IFERROR(__xludf.DUMMYFUNCTION("""COMPUTED_VALUE"""),"http://speedskatingresults.com/index.php?p=2&e=30908&s=83554") -> http://speedskatingresults.com/index.php?p=2&e=30908&s=83554
C74: =#REF! -> #REF! | D74: =#REF! -> #REF! | E74: =CONCATENATE("https://speedskatingresults.com/api/json/skater_competitions?skater=",D74,"&season=",$B$6) -> #REF! | F74: =IF(ISBLANK(N74)," ",IF( YEARFRAC(G74,CONCATENATE("31/12/",YEAR(G74)),1)>0.502, ROUND(YEARFRAC(CONCATENATE("31/12/",YEAR(G74)-1),IF( YEARFRAC(H74,CONCATENATE("31/12/",YEAR(H74)),1)>0.502, CONCATENATE("31/12/",YEAR(H74)-1), CONCATENATE("31/12/",YEAR(H74)) ),1),0), ROUND(YEARFRAC(CONCATENATE("31/12/",YEAR(G74)),IF( YEARFRAC(H74,CONCATENATE("31/12/",YEAR(H74)),1)>0.502, CONCATENATE("31/12/",YEAR(H74)-1), CONCATENATE("31/12/",YEAR(H74)) ),1),0) )) | G74: {=IF(ISBLANK(N74)," ",_xlfn.XLOOKUP(D74,#REF!,#REF!))} | H74: =O74 -> 0 | I74: {=IF(ISBLANK(K74)," ",_xlfn.XLOOKUP(D74,#REF!,#REF!))} | J74: {=IF(ISBLANK(N74)," ",_xlfn.XLOOKUP(F74,Edades!$A$2:$A$101,IF(I74="F",Edades!$B$2:$B$101,Edades!$C$2:$C$101)))}
C75: =#REF! -> #REF! | D75: =#REF! -> #REF! | E75: =CONCATENATE("https://speedskatingresults.com/api/json/skater_competitions?skater=",D75,"&season=",$B$6) -> #REF! | F75: =IF(ISBLANK(N75)," ",IF( YEARFRAC(G75,CONCATENATE("31/12/",YEAR(G75)),1)>0.502, ROUND(YEARFRAC(CONCATENATE("31/12/",YEAR(G75)-1),IF( YEARFRAC(H75,CONCATENATE("31/12/",YEAR(H75)),1)>0.502, CONCATENATE("31/12/",YEAR(H75)-1), CONCATENATE("31/12/",YEAR(H75)) ),1),0), ROUND(YEARFRAC(CONCATENATE("31/12/",YEAR(G75)),IF( YEARFRAC(H75,CONCATENATE("31/12/",YEAR(H75)),1)>0.502, CONCATENATE("31/12/",YEAR(H75)-1), CONCATENATE("31/12/",YEAR(H75)) ),1),0) )) | G75: {=IF(ISBLANK(N75)," ",_xlfn.XLOOKUP(D75,#REF!,#REF!))} | H75: =O75 -> 0 | I75: {=IF(ISBLANK(K75)," ",_xlfn.XLOOKUP(D75,#REF!,#REF!))} | J75: {=IF(ISBLANK(N75)," ",_xlfn.XLOOKUP(F75,Edades!$A$2:$A$101,IF(I75="F",Edades!$B$2:$B$101,Edades!$C$2:$C$101)))}
C76: =#REF! -> #REF! | D76: =#REF! -> #REF! | E76: =CONCATENATE("https://speedskatingresults.com/api/json/skater_competitions?skater=",D76,"&season=",$B$6) -> #REF! | F76: =IF(ISBLANK(N76)," ",IF( YEARFRAC(G76,CONCATENATE("31/12/",YEAR(G76)),1)>0.502, ROUND(YEARFRAC(CONCATENATE("31/12/",YEAR(G76)-1),IF( YEARFRAC(H76,CONCATENATE("31/12/",YEAR(H76)),1)>0.502, CONCATENATE("31/12/",YEAR(H76)-1), CONCATENATE("31/12/",YEAR(H76)) ),1),0), ROUND(YEARFRAC(CONCATENATE("31/12/",YEAR(G76)),IF( YEARFRAC(H76,CONCATENATE("31/12/",YEAR(H76)),1)>0.502, CONCATENATE("31/12/",YEAR(H76)-1), CONCATENATE("31/12/",YEAR(H76)) ),1),0) )) | G76: {=IF(ISBLANK(N76)," ",_xlfn.XLOOKUP(D76,#REF!,#REF!))} | H76: =O76 -> 0 | I76: {=IF(ISBLANK(K76)," ",_xlfn.XLOOKUP(D76,#REF!,#REF!))} | J76: {=IF(ISBLANK(N76)," ",_xlfn.XLOOKUP(F76,Edades!$A$2:$A$101,IF(I76="F",Edades!$B$2:$B$101,Edades!$C$2:$C$101)))}
C77: =#REF! -> #REF! | D77: =#REF! -> #REF! | E77: =CONCATENATE("https://speedskatingresults.com/api/json/skater_competitions?skater=",D77,"&season=",$B$6) -> #REF! | F77: =IF(ISBLANK(N77)," ",IF( YEARFRAC(G77,CONCATENATE("31/12/",YEAR(G77)),1)>0.502, ROUND(YEARFRAC(CONCATENATE("31/12/",YEAR(G77)-1),IF( YEARFRAC(H77,CONCATENATE("31/12/",YEAR(H77)),1)>0.502, CONCATENATE("31/12/",YEAR(H77)-1), CONCATENATE("31/12/",YEAR(H77)) ),1),0), ROUND(YEARFRAC(CONCATENATE("31/12/",YEAR(G77)),IF( YEARFRAC(H77,CONCATENATE("31/12/",YEAR(H77)),1)>0.502, CONCATENATE("31/12/",YEAR(H77)-1), CONCATENATE("31/12/",YEAR(H77)) ),1),0) )) | G77: {=IF(ISBLANK(N77)," ",_xlfn.XLOOKUP(D77,#REF!,#REF!))} | H77: =O77 -> 0 | I77: {=IF(ISBLANK(K77)," ",_xlfn.XLOOKUP(D77,#REF!,#REF!))} | J77: {=IF(ISBLANK(N77)," ",_xlfn.XLOOKUP(F77,Edades!$A$2:$A$101,IF(I77="F",Edades!$B$2:$B$101,Edades!$C$2:$C$101)))}
C78: =#REF! -> #REF! | D78: =#REF! -> #REF! | F78: =IF(ISBLANK(N78)," ",IF( YEARFRAC(G78,CONCATENATE("31/12/",YEAR(G78)),1)>0.502, ROUND(YEARFRAC(CONCATENATE("31/12/",YEAR(G78)-1),IF( YEARFRAC(H78,CONCATENATE("31/12/",YEAR(H78)),1)>0.502, CONCATENATE("31/12/",YEAR(H78)-1), CONCATENATE("31/12/",YEAR(H78)) ),1),0), ROUND(YEARFRAC(CONCATENATE("31/12/",YEAR(G78)),IF( YEARFRAC(H78,CONCATENATE("31/12/",YEAR(H78)),1)>0.502, CONCATENATE("31/12/",YEAR(H78)-1), CONCATENATE("31/12/",YEAR(H78)) ),1),0) )) | G78: {=IF(ISBLANK(N78)," ",_xlfn.XLOOKUP(D78,#REF!,#REF!))} | H78: =O78 -> 0 | I78: {=IF(ISBLANK(K78)," ",_xlfn.XLOOKUP(D78,#REF!,#REF!))} | J78: {=IF(ISBLANK(N78)," ",_xlfn.XLOOKUP(F78,Edades!$A$2:$A$101,IF(I78="F",Edades!$B$2:$B$101,Edades!$C$2:$C$101)))}
C79: =#REF! -> #REF! | D79: =#REF! -> #REF! | F79: =IF(ISBLANK(N79)," ",IF( YEARFRAC(G79,CONCATENATE("31/12/",YEAR(G79)),1)>0.502, ROUND(YEARFRAC(CONCATENATE("31/12/",YEAR(G79)-1),IF( YEARFRAC(H79,CONCATENATE("31/12/",YEAR(H79)),1)>0.502, CONCATENATE("31/12/",YEAR(H79)-1), CONCATENATE("31/12/",YEAR(H79)) ),1),0), ROUND(YEARFRAC(CONCATENATE("31/12/",YEAR(G79)),IF( YEARFRAC(H79,CONCATENATE("31/12/",YEAR(H79)),1)>0.502, CONCATENATE("31/12/",YEAR(H79)-1), CONCATENATE("31/12/",YEAR(H79)) ),1),0) )) | G79: {=IF(ISBLANK(N79)," ",_xlfn.XLOOKUP(D79,#REF!,#REF!))} | H79: =O79 -> 0 | I79: {=IF(ISBLANK(K79)," ",_xlfn.XLOOKUP(D79,#REF!,#REF!))} | J79: {=IF(ISBLANK(N79)," ",_xlfn.XLOOKUP(F79,Edades!$A$2:$A$101,IF(I79="F",Edades!$B$2:$B$101,Edades!$C$2:$C$101)))}
C80: =#REF! -> #REF! | D80: =#REF! -> #REF! | F80: =IF(ISBLANK(N80)," ",IF( YEARFRAC(G80,CONCATENATE("31/12/",YEAR(G80)),1)>0.502, ROUND(YEARFRAC(CONCATENATE("31/12/",YEAR(G80)-1),IF( YEARFRAC(H80,CONCATENATE("31/12/",YEAR(H80)),1)>0.502, CONCATENATE("31/12/",YEAR(H80)-1), CONCATENATE("31/12/",YEAR(H80)) ),1),0), ROUND(YEARFRAC(CONCATENATE("31/12/",YEAR(G80)),IF( YEARFRAC(H80,CONCATENATE("31/12/",YEAR(H80)),1)>0.502, CONCATENATE("31/12/",YEAR(H80)-1), CONCATENATE("31/12/",YEAR(H80)) ),1),0) )) | G80: {=IF(ISBLANK(N80)," ",_xlfn.XLOOKUP(D80,#REF!,#REF!))} | H80: =O80 -> 0 | I80: {=IF(ISBLANK(K80)," ",_xlfn.XLOOKUP(D80,#REF!,#REF!))} | J80: {=IF(ISBLANK(N80)," ",_xlfn.XLOOKUP(F80,Edades!$A$2:$A$101,IF(I80="F",Edades!$B$2:$B$101,Edades!$C$2:$C$101)))}
C81: =#REF! -> #REF! | D81: =#REF! -> #REF! | F81: =IF(ISBLANK(N81)," ",IF( YEARFRAC(G81,CONCATENATE("31/12/",YEAR(G81)),1)>0.502, ROUND(YEARFRAC(CONCATENATE("31/12/",YEAR(G81)-1),IF( YEARFRAC(H81,CONCATENATE("31/12/",YEAR(H81)),1)>0.502, CONCATENATE("31/12/",YEAR(H81)-1), CONCATENATE("31/12/",YEAR(H81)) ),1),0), ROUND(YEARFRAC(CONCATENATE("31/12/",YEAR(G81)),IF( YEARFRAC(H81,CONCATENATE("31/12/",YEAR(H81)),1)>0.502, CONCATENATE("31/12/",YEAR(H81)-1), CONCATENATE("31/12/",YEAR(H81)) ),1),0) )) | G81: {=IF(ISBLANK(N81)," ",_xlfn.XLOOKUP(D81,#REF!,#REF!))} | H81: =O81 -> 0 | I81: {=IF(ISBLANK(K81)," ",_xlfn.XLOOKUP(D81,#REF!,#REF!))} | J81: {=IF(ISBLANK(N81)," ",_xlfn.XLOOKUP(F81,Edades!$A$2:$A$101,IF(I81="F",Edades!$B$2:$B$101,Edades!$C$2:$C$101)))}
C82: =#REF! -> #REF! | D82: =#REF! -> #REF! | F82: =IF(ISBLANK(N82)," ",IF( YEARFRAC(G82,CONCATENATE("31/12/",YEAR(G82)),1)>0.502, ROUND(YEARFRAC(CONCATENATE("31/12/",YEAR(G82)-1),IF( YEARFRAC(H82,CONCATENATE("31/12/",YEAR(H82)),1)>0.502, CONCATENATE("31/12/",YEAR(H82)-1), CONCATENATE("31/12/",YEAR(H82)) ),1),0), ROUND(YEARFRAC(CONCATENATE("31/12/",YEAR(G82)),IF( YEARFRAC(H82,CONCATENATE("31/12/",YEAR(H82)),1)>0.502, CONCATENATE("31/12/",YEAR(H82)-1), CONCATENATE("31/12/",YEAR(H82)) ),1),0) )) | G82: {=IF(ISBLANK(N82)," ",_xlfn.XLOOKUP(D82,#REF!,#REF!))} | H82: =O82 -> 0 | I82: {=IF(ISBLANK(K82)," ",_xlfn.XLOOKUP(D82,#REF!,#REF!))} | J82: {=IF(ISBLANK(N82)," ",_xlfn.XLOOKUP(F82,Edades!$A$2:$A$101,IF(I82="F",Edades!$B$2:$B$101,Edades!$C$2:$C$101)))}
C83: =#REF! -> #REF! | D83: =#REF! -> #REF! | F83: =IF(ISBLANK(N83)," ",IF( YEARFRAC(G83,CONCATENATE("31/12/",YEAR(G83)),1)>0.502, ROUND(YEARFRAC(CONCATENATE("31/12/",YEAR(G83)-1),IF( YEARFRAC(H83,CONCATENATE("31/12/",YEAR(H83)),1)>0.502, CONCATENATE("31/12/",YEAR(H83)-1), CONCATENATE("31/12/",YEAR(H83)) ),1),0), ROUND(YEARFRAC(CONCATENATE("31/12/",YEAR(G83)),IF( YEARFRAC(H83,CONCATENATE("31/12/",YEAR(H83)),1)>0.502, CONCATENATE("31/12/",YEAR(H83)-1), CONCATENATE("31/12/",YEAR(H83)) ),1),0) )) | G83: {=IF(ISBLANK(N83)," ",_xlfn.XLOOKUP(D83,#REF!,#REF!))} | H83: =O83 -> 0 | I83: {=IF(ISBLANK(K83)," ",_xlfn.XLOOKUP(D83,#REF!,#REF!))} | J83: {=IF(ISBLANK(N83)," ",_xlfn.XLOOKUP(F83,Edades!$A$2:$A$101,IF(I83="F",Edades!$B$2:$B$101,Edades!$C$2:$C$101)))}
C84: =#REF! -> #REF! | F84: =IF(ISBLANK(N84)," ",IF( YEARFRAC(G84,CONCATENATE("31/12/",YEAR(G84)),1)>0.502, ROUND(YEARFRAC(CONCATENATE("31/12/",YEAR(G84)-1),IF( YEARFRAC(H84,CONCATENATE("31/12/",YEAR(H84)),1)>0.502, CONCATENATE("31/12/",YEAR(H84)-1), CONCATENATE("31/12/",YEAR(H84)) ),1),0), ROUND(YEARFRAC(CONCATENATE("31/12/",YEAR(G84)),IF( YEARFRAC(H84,CONCATENATE("31/12/",YEAR(H84)),1)>0.502, CONCATENATE("31/12/",YEAR(H84)-1), CONCATENATE("31/12/",YEAR(H84)) ),1),0) )) | G84: {=IF(ISBLANK(N84)," ",_xlfn.XLOOKUP(D84,#REF!,#REF!))} | H84: =O84 -> 0 | I84: {=IF(ISBLANK(K84)," ",_xlfn.XLOOKUP(D84,#REF!,#REF!))} | J84: {=IF(ISBLANK(N84)," ",_xlfn.XLOOKUP(F84,Edades!$A$2:$A$101,IF(I84="F",Edades!$B$2:$B$101,Edades!$C$2:$C$101)))}
C85: =#REF! -> #REF! | F85: =IF(ISBLANK(N85)," ",IF( YEARFRAC(G85,CONCATENATE("31/12/",YEAR(G85)),1)>0.502, ROUND(YEARFRAC(CONCATENATE("31/12/",YEAR(G85)-1),IF( YEARFRAC(H85,CONCATENATE("31/12/",YEAR(H85)),1)>0.502, CONCATENATE("31/12/",YEAR(H85)-1), CONCATENATE("31/12/",YEAR(H85)) ),1),0), ROUND(YEARFRAC(CONCATENATE("31/12/",YEAR(G85)),IF( YEARFRAC(H85,CONCATENATE("31/12/",YEAR(H85)),1)>0.502, CONCATENATE("31/12/",YEAR(H85)-1), CONCATENATE("31/12/",YEAR(H85)) ),1),0) )) | G85: {=IF(ISBLANK(N85)," ",_xlfn.XLOOKUP(D85,#REF!,#REF!))} | H85: =O85 -> 0 | I85: {=IF(ISBLANK(K85)," ",_xlfn.XLOOKUP(D85,#REF!,#REF!))} | J85: {=IF(ISBLANK(N85)," ",_xlfn.XLOOKUP(F85,Edades!$A$2:$A$101,IF(I85="F",Edades!$B$2:$B$101,Edades!$C$2:$C$101)))}
C86: =#REF! -> #REF! | F86: =IF(ISBLANK(N86)," ",IF( YEARFRAC(G86,CONCATENATE("31/12/",YEAR(G86)),1)>0.502, ROUND(YEARFRAC(CONCATENATE("31/12/",YEAR(G86)-1),IF( YEARFRAC(H86,CONCATENATE("31/12/",YEAR(H86)),1)>0.502, CONCATENATE("31/12/",YEAR(H86)-1), CONCATENATE("31/12/",YEAR(H86)) ),1),0), ROUND(YEARFRAC(CONCATENATE("31/12/",YEAR(G86)),IF( YEARFRAC(H86,CONCATENATE("31/12/",YEAR(H86)),1)>0.502, CONCATENATE("31/12/",YEAR(H86)-1), CONCATENATE("31/12/",YEAR(H86)) ),1),0) )) | G86: {=IF(ISBLANK(N86)," ",_xlfn.XLOOKUP(D86,#REF!,#REF!))} | H86: =O86 -> 0 | I86: {=IF(ISBLANK(K86)," ",_xlfn.XLOOKUP(D86,#REF!,#REF!))} | J86: {=IF(ISBLANK(N86)," ",_xlfn.XLOOKUP(F86,Edades!$A$2:$A$101,IF(I86="F",Edades!$B$2:$B$101,Edades!$C$2:$C$101)))}
C87: =#REF! -> #REF! | F87: =IF(ISBLANK(K87)," ",IF( YEARFRAC(G87,CONCATENATE("31/12/",YEAR(G87)),1)>0.502, ROUND(YEARFRAC(CONCATENATE("31/12/",YEAR(G87)-1),IF( YEARFRAC(H87,CONCATENATE("31/12/",YEAR(H87)),1)>0.502, CONCATENATE("31/12/",YEAR(H87)-1), CONCATENATE("31/12/",YEAR(H87)) ),1),0), ROUND(YEARFRAC(CONCATENATE("31/12/",YEAR(G87)),IF( YEARFRAC(H87,CONCATENATE("31/12/",YEAR(H87)),1)>0.502, CONCATENATE("31/12/",YEAR(H87)-1), CONCATENATE("31/12/",YEAR(H87)) ),1),0) )) | G87: {=IF(ISBLANK(K87)," ",_xlfn.XLOOKUP(#REF!,#REF!,#REF!))} | H87: =O87 -> 0 | I87: {=IF(ISBLANK(K87)," ",_xlfn.XLOOKUP(#REF!,#REF!,#REF!))} | J87: {=IF(ISBLANK(K87)," ",_xlfn.XLOOKUP(F87,Edades!$A$2:$A$101,IF(I87="F",Edades!$B$2:$B$101,Edades!$C$2:$C$101)))}
C88: =#REF! -> #REF! | F88: =IF(ISBLANK(K88)," ",IF( YEARFRAC(G88,CONCATENATE("31/12/",YEAR(G88)),1)>0.502, ROUND(YEARFRAC(CONCATENATE("31/12/",YEAR(G88)-1),IF( YEARFRAC(H88,CONCATENATE("31/12/",YEAR(H88)),1)>0.502, CONCATENATE("31/12/",YEAR(H88)-1), CONCATENATE("31/12/",YEAR(H88)) ),1),0), ROUND(YEARFRAC(CONCATENATE("31/12/",YEAR(G88)),IF( YEARFRAC(H88,CONCATENATE("31/12/",YEAR(H88)),1)>0.502, CONCATENATE("31/12/",YEAR(H88)-1), CONCATENATE("31/12/",YEAR(H88)) ),1),0) )) | G88: {=IF(ISBLANK(K88)," ",_xlfn.XLOOKUP(#REF!,#REF!,#REF!))} | H88: =O88 -> 0 | I88: {=IF(ISBLANK(K88)," ",_xlfn.XLOOKUP(#REF!,#REF!,#REF!))} | J88: {=IF(ISBLANK(K88)," ",_xlfn.XLOOKUP(F88,Edades!$A$2:$A$101,IF(I88="F",Edades!$B$2:$B$101,Edades!$C$2:$C$101)))}
F89: =IF(ISBLANK(K89)," ",IF( YEARFRAC(G89,CONCATENATE("31/12/",YEAR(G89)),1)>0.502, ROUND(YEARFRAC(CONCATENATE("31/12/",YEAR(G89)-1),IF( YEARFRAC(H89,CONCATENATE("31/12/",YEAR(H89)),1)>0.502, CONCATENATE("31/12/",YEAR(H89)-1), CONCATENATE("31/12/",YEAR(H89)) ),1),0), ROUND(YEARFRAC(CONCATENATE("31/12/",YEAR(G89)),IF( YEARFRAC(H89,CONCATENATE("31/12/",YEAR(H89)),1)>0.502, CONCATENATE("31/12/",YEAR(H89)-1), CONCATENATE("31/12/",YEAR(H89)) ),1),0) )) | G89: {=IF(ISBLANK(K89)," ",_xlfn.XLOOKUP(#REF!,#REF!,#REF!))} | H89: =O89 -> 0 | I89: {=IF(ISBLANK(K89)," ",_xlfn.XLOOKUP(#REF!,#REF!,#REF!))} | J89: {=IF(ISBLANK(K89)," ",_xlfn.XLOOKUP(F89,Edades!$A$2:$A$101,IF(I89="F",Edades!$B$2:$B$101,Edades!$C$2:$C$101)))}
F90: =IF(ISBLANK(K90)," ",IF( YEARFRAC(G90,CONCATENATE("31/12/",YEAR(G90)),1)>0.502, ROUND(YEARFRAC(CONCATENATE("31/12/",YEAR(G90)-1),IF( YEARFRAC(H90,CONCATENATE("31/12/",YEAR(H90)),1)>0.502, CONCATENATE("31/12/",YEAR(H90)-1), CONCATENATE("31/12/",YEAR(H90)) ),1),0), ROUND(YEARFRAC(CONCATENATE("31/12/",YEAR(G90)),IF( YEARFRAC(H90,CONCATENATE("31/12/",YEAR(H90)),1)>0.502, CONCATENATE("31/12/",YEAR(H90)-1), CONCATENATE("31/12/",YEAR(H90)) ),1),0) )) | G90: {=IF(ISBLANK(K90)," ",_xlfn.XLOOKUP(#REF!,#REF!,#REF!))} | H90: =O90 -> 0 | I90: {=IF(ISBLANK(K90)," ",_xlfn.XLOOKUP(#REF!,#REF!,#REF!))} | J90: {=IF(ISBLANK(K90)," ",_xlfn.XLOOKUP(F90,Edades!$A$2:$A$101,IF(I90="F",Edades!$B$2:$B$101,Edades!$C$2:$C$101)))}
F91: =IF(ISBLANK(K91)," ",IF( YEARFRAC(G91,CONCATENATE("31/12/",YEAR(G91)),1)>0.502, ROUND(YEARFRAC(CONCATENATE("31/12/",YEAR(G91)-1),IF( YEARFRAC(H91,CONCATENATE("31/12/",YEAR(H91)),1)>0.502, CONCATENATE("31/12/",YEAR(H91)-1), CONCATENATE("31/12/",YEAR(H91)) ),1),0), ROUND(YEARFRAC(CONCATENATE("31/12/",YEAR(G91)),IF( YEARFRAC(H91,CONCATENATE("31/12/",YEAR(H91)),1)>0.502, CONCATENATE("31/12/",YEAR(H91)-1), CONCATENATE("31/12/",YEAR(H91)) ),1),0) )) | G91: {=IF(ISBLANK(K91)," ",_xlfn.XLOOKUP(#REF!,#REF!,#REF!))} | H91: =O91 -> 0 | I91: {=IF(ISBLANK(K91)," ",_xlfn.XLOOKUP(#REF!,#REF!,#REF!))} | J91: {=IF(ISBLANK(K91)," ",_xlfn.XLOOKUP(F91,Edades!$A$2:$A$101,IF(I91="F",Edades!$B$2:$B$101,Edades!$C$2:$C$101)))}
F92: =IF(ISBLANK(K92)," ",IF( YEARFRAC(G92,CONCATENATE("31/12/",YEAR(G92)),1)>0.502, ROUND(YEARFRAC(CONCATENATE("31/12/",YEAR(G92)-1),IF( YEARFRAC(H92,CONCATENATE("31/12/",YEAR(H92)),1)>0.502, CONCATENATE("31/12/",YEAR(H92)-1), CONCATENATE("31/12/",YEAR(H92)) ),1),0), ROUND(YEARFRAC(CONCATENATE("31/12/",YEAR(G92)),IF( YEARFRAC(H92,CONCATENATE("31/12/",YEAR(H92)),1)>0.502, CONCATENATE("31/12/",YEAR(H92)-1), CONCATENATE("31/12/",YEAR(H92)) ),1),0) )) | G92: {=IF(ISBLANK(K92)," ",_xlfn.XLOOKUP(#REF!,#REF!,#REF!))} | H92: =O92 -> 0 | I92: {=IF(ISBLANK(K92)," ",_xlfn.XLOOKUP(#REF!,#REF!,#REF!))} | J92: {=IF(ISBLANK(K92)," ",_xlfn.XLOOKUP(F92,Edades!$A$2:$A$101,IF(I92="F",Edades!$B$2:$B$101,Edades!$C$2:$C$101)))}
F93: =IF(ISBLANK(K93)," ",IF( YEARFRAC(G93,CONCATENATE("31/12/",YEAR(G93)),1)>0.502, ROUND(YEARFRAC(CONCATENATE("31/12/",YEAR(G93)-1),IF( YEARFRAC(H93,CONCATENATE("31/12/",YEAR(H93)),1)>0.502, CONCATENATE("31/12/",YEAR(H93)-1), CONCATENATE("31/12/",YEAR(H93)) ),1),0), ROUND(YEARFRAC(CONCATENATE("31/12/",YEAR(G93)),IF( YEARFRAC(H93,CONCATENATE("31/12/",YEAR(H93)),1)>0.502, CONCATENATE("31/12/",YEAR(H93)-1), CONCATENATE("31/12/",YEAR(H93)) ),1),0) )) | G93: {=IF(ISBLANK(K93)," ",_xlfn.XLOOKUP(#REF!,#REF!,#REF!))} | H93: =O93 -> 0 | I93: {=IF(ISBLANK(K93)," ",_xlfn.XLOOKUP(#REF!,#REF!,#REF!))} | J93: {=IF(ISBLANK(K93)," ",_xlfn.XLOOKUP(F93,Edades!$A$2:$A$101,IF(I93="F",Edades!$B$2:$B$101,Edades!$C$2:$C$101)))}
F94: =IF(ISBLANK(K94)," ",IF( YEARFRAC(G94,CONCATENATE("31/12/",YEAR(G94)),1)>0.502, ROUND(YEARFRAC(CONCATENATE("31/12/",YEAR(G94)-1),IF( YEARFRAC(H94,CONCATENATE("31/12/",YEAR(H94)),1)>0.502, CONCATENATE("31/12/",YEAR(H94)-1), CONCATENATE("31/12/",YEAR(H94)) ),1),0), ROUND(YEARFRAC(CONCATENATE("31/12/",YEAR(G94)),IF( YEARFRAC(H94,CONCATENATE("31/12/",YEAR(H94)),1)>0.502, CONCATENATE("31/12/",YEAR(H94)-1), CONCATENATE("31/12/",YEAR(H94)) ),1),0) )) | G94: {=IF(ISBLANK(K94)," ",_xlfn.XLOOKUP(#REF!,#REF!,#REF!))} | H94: =O94 -> 0 | I94: {=IF(ISBLANK(K94)," ",_xlfn.XLOOKUP(#REF!,#REF!,#REF!))} | J94: {=IF(ISBLANK(K94)," ",_xlfn.XLOOKUP(F94,Edades!$A$2:$A$101,IF(I94="F",Edades!$B$2:$B$101,Edades!$C$2:$C$101)))}
F95: =IF(ISBLANK(K95)," ",IF( YEARFRAC(G95,CONCATENATE("31/12/",YEAR(G95)),1)>0.502, ROUND(YEARFRAC(CONCATENATE("31/12/",YEAR(G95)-1),IF( YEARFRAC(H95,CONCATENATE("31/12/",YEAR(H95)),1)>0.502, CONCATENATE("31/12/",YEAR(H95)-1), CONCATENATE("31/12/",YEAR(H95)) ),1),0), ROUND(YEARFRAC(CONCATENATE("31/12/",YEAR(G95)),IF( YEARFRAC(H95,CONCATENATE("31/12/",YEAR(H95)),1)>0.502, CONCATENATE("31/12/",YEAR(H95)-1), CONCATENATE("31/12/",YEAR(H95)) ),1),0) )) | G95: {=IF(ISBLANK(K95)," ",_xlfn.XLOOKUP(#REF!,#REF!,#REF!))} | H95: =O95 -> 0 | I95: {=IF(ISBLANK(K95)," ",_xlfn.XLOOKUP(#REF!,#REF!,#REF!))} | J95: {=IF(ISBLANK(K95)," ",_xlfn.XLOOKUP(F95,Edades!$A$2:$A$101,IF(I95="F",Edades!$B$2:$B$101,Edades!$C$2:$C$101)))}
F96: =IF(ISBLANK(K96)," ",IF( YEARFRAC(G96,CONCATENATE("31/12/",YEAR(G96)),1)>0.502, ROUND(YEARFRAC(CONCATENATE("31/12/",YEAR(G96)-1),IF( YEARFRAC(H96,CONCATENATE("31/12/",YEAR(H96)),1)>0.502, CONCATENATE("31/12/",YEAR(H96)-1), CONCATENATE("31/12/",YEAR(H96)) ),1),0), ROUND(YEARFRAC(CONCATENATE("31/12/",YEAR(G96)),IF( YEARFRAC(H96,CONCATENATE("31/12/",YEAR(H96)),1)>0.502, CONCATENATE("31/12/",YEAR(H96)-1), CONCATENATE("31/12/",YEAR(H96)) ),1),0) )) | G96: {=IF(ISBLANK(K96)," ",_xlfn.XLOOKUP(#REF!,#REF!,#REF!))} | H96: =O96 -> 0 | I96: {=IF(ISBLANK(K96)," ",_xlfn.XLOOKUP(#REF!,#REF!,#REF!))} | J96: {=IF(ISBLANK(K96)," ",_xlfn.XLOOKUP(F96,Edades!$A$2:$A$101,IF(I96="F",Edades!$B$2:$B$101,Edades!$C$2:$C$101)))}
F97: =IF(ISBLANK(K97)," ",IF( YEARFRAC(G97,CONCATENATE("31/12/",YEAR(G97)),1)>0.502, ROUND(YEARFRAC(CONCATENATE("31/12/",YEAR(G97)-1),IF( YEARFRAC(H97,CONCATENATE("31/12/",YEAR(H97)),1)>0.502, CONCATENATE("31/12/",YEAR(H97)-1), CONCATENATE("31/12/",YEAR(H97)) ),1),0), ROUND(YEARFRAC(CONCATENATE("31/12/",YEAR(G97)),IF( YEARFRAC(H97,CONCATENATE("31/12/",YEAR(H97)),1)>0.502, CONCATENATE("31/12/",YEAR(H97)-1), CONCATENATE("31/12/",YEAR(H97)) ),1),0) )) | G97: {=IF(ISBLANK(K97)," ",_xlfn.XLOOKUP(#REF!,#REF!,#REF!))} | H97: =O97 -> 0 | I97: {=IF(ISBLANK(K97)," ",_xlfn.XLOOKUP(#REF!,#REF!,#REF!))} | J97: {=IF(ISBLANK(K97)," ",_xlfn.XLOOKUP(F97,Edades!$A$2:$A$101,IF(I97="F",Edades!$B$2:$B$101,Edades!$C$2:$C$101)))}
F98: =IF(ISBLANK(K98)," ",IF( YEARFRAC(G98,CONCATENATE("31/12/",YEAR(G98)),1)>0.502, ROUND(YEARFRAC(CONCATENATE("31/12/",YEAR(G98)-1),IF( YEARFRAC(H98,CONCATENATE("31/12/",YEAR(H98)),1)>0.502, CONCATENATE("31/12/",YEAR(H98)-1), CONCATENATE("31/12/",YEAR(H98)) ),1),0), ROUND(YEARFRAC(CONCATENATE("31/12/",YEAR(G98)),IF( YEARFRAC(H98,CONCATENATE("31/12/",YEAR(H98)),1)>0.502, CONCATENATE("31/12/",YEAR(H98)-1), CONCATENATE("31/12/",YEAR(H98)) ),1),0) )) | G98: {=IF(ISBLANK(K98)," ",_xlfn.XLOOKUP(#REF!,#REF!,#REF!))} | H98: =O98 -> 0 | I98: {=IF(ISBLANK(K98)," ",_xlfn.XLOOKUP(#REF!,#REF!,#REF!))} | J98: {=IF(ISBLANK(K98)," ",_xlfn.XLOOKUP(F98,Edades!$A$2:$A$101,IF(I98="F",Edades!$B$2:$B$101,Edades!$C$2:$C$101)))}
F99: =IF(ISBLANK(K99)," ",IF( YEARFRAC(G99,CONCATENATE("31/12/",YEAR(G99)),1)>0.502, ROUND(YEARFRAC(CONCATENATE("31/12/",YEAR(G99)-1),IF( YEARFRAC(H99,CONCATENATE("31/12/",YEAR(H99)),1)>0.502, CONCATENATE("31/12/",YEAR(H99)-1), CONCATENATE("31/12/",YEAR(H99)) ),1),0), ROUND(YEARFRAC(CONCATENATE("31/12/",YEAR(G99)),IF( YEARFRAC(H99,CONCATENATE("31/12/",YEAR(H99)),1)>0.502, CONCATENATE("31/12/",YEAR(H99)-1), CONCATENATE("31/12/",YEAR(H99)) ),1),0) )) | G99: {=IF(ISBLANK(K99)," ",_xlfn.XLOOKUP(#REF!,#REF!,#REF!))} | H99: =O99 -> 0 | I99: {=IF(ISBLANK(K99)," ",_xlfn.XLOOKUP(#REF!,#REF!,#REF!))} | J99: {=IF(ISBLANK(K99)," ",_xlfn.XLOOKUP(F99,Edades!$A$2:$A$101,IF(I99="F",Edades!$B$2:$B$101,Edades!$C$2:$C$101)))}
F100: =IF(ISBLANK(K100)," ",IF( YEARFRAC(G100,CONCATENATE("31/12/",YEAR(G100)),1)>0.502, ROUND(YEARFRAC(CONCATENATE("31/12/",YEAR(G100)-1),IF( YEARFRAC(H100,CONCATENATE("31/12/",YEAR(H100)),1)>0.502, CONCATENATE("31/12/",YEAR(H100)-1), CONCATENATE("31/12/",YEAR(H100)) ),1),0), ROUND(YEARFRAC(CONCATENATE("31/12/",YEAR(G100)),IF( YEARFRAC(H100,CONCATENATE("31/12/",YEAR(H100)),1)>0.502, CONCATENATE("31/12/",YEAR(H100)-1), CONCATENATE("31/12/",YEAR(H100)) ),1),0) )) | G100: {=IF(ISBLANK(K100)," ",_xlfn.XLOOKUP(#REF!,#REF!,#REF!))} | H100: =O100 -> 0 | I100: {=IF(ISBLANK(K100)," ",_xlfn.XLOOKUP(#REF!,#REF!,#REF!))} | J100: {=IF(ISBLANK(K100)," ",_xlfn.XLOOKUP(F100,Edades!$A$2:$A$101,IF(I100="F",Edades!$B$2:$B$101,Edades!$C$2:$C$101)))}
...

Sheet Letra Inicial
A1: Primera Letra
A2: A
A3: B
A4: C
A5: D
A6: E
A7: F
A8: G
A9: H
A10: I
A11: J
A12: K
... A27: Z

Sheet Pistas
A1: Nombre | B1: País | C1: Id. Pista
A2: Adavere | B2: EST | C2: 99
A3: Akan | B3: JPN | C3: 125
A4: Alkmaar | B4: NED | C4: 72
A5: Almaty | B5: KAZ | C5: 13
A6: Alta | B6: NOR | C6: 247
A7: Ammerstol | B7: NED | C7: 163
A8: Amsterdam | B8: NED | C8: 118
A9: Amsterdam-Olympic | B9: NED | C9: 244
A10: Anchorage | B10: USA | C10: 183
A11: Arendal | B11: NOR | C11: 94
A12: Arkhangelsk-Dinamo | B12: RUS | C12: 272
A13: Arkhangelsk-Trud | B13: RUS | C13: 160
... A274: Žďár nad Sázavou | B274: CZE | C274: 199

Sheet Categorías_SP
A1: Categoría | B1: Sexo
A2: Absoluta | B2: F
A3: JR | B3: M
A4: C
A5: C1
A6: C2
A7: B
A8: B1
A9: B2
A10: A
A11: A1
A12: A2
A13: N
A14: N1
A15: N2
... A27: M
A28: 30
A29: 35
A30: 40
A31: 45
A32: 50
A33: 55
A34: 60
A35: 65
A36: 70
A37: 75
A38: 80
A39: 85
... A42: 0

Sheet Categorías
A1: Categoría | B1: Aux cadena
A2: Absoluta | B2: =CONCATENATE(C3:Q11) -> #VALUE!
A3: Youth | B3: =CONCATENATE(C3:Q3) -> #VALUE! | C3: YA | D3: YB | E3: YC | F3: YD | G3: YE | H3: YF
A4: Júnior | B4: =CONCATENATE(C4:Q4) -> #VALUE! | C4: A1 | D4: A2 | E4: B1 | F4: B2 | G4: C1 | H4: C2
A5: JA | B5: =CONCATENATE(C5:Q5) -> #VALUE! | C5: A1 | D5: A2
A6: JB | B6: =CONCATENATE(C6:Q6) -> #VALUE! | C6: B1 | D6: B2
A7: JC | B7: =CONCATENATE(C7:Q7) -> #VALUE! | C7: C1 | D7: C2
A8: Neo | B8: =CONCATENATE(C8:Q8) -> #VALUE! | C8: N1 | D8: N2 | E8: N3 | F8: N4
A9: Sénior | B9: =CONCATENATE(C9:Q9) -> #VALUE! | C9: SA
A10: Sénior + Neo | B10: =CONCATENATE(C10:Q10) -> #VALUE! | C10: SA | D10: N1 | E10: N2 | F10: N3 | G10: N4
A11: Máster | B11: =CONCATENATE(C11:Q11) -> #VALUE! | C11: 30 | D11: 35 | E11: 40 | F11: 45 | G11: 50 | H11: 55 | I11: 60 | J11: 65 | K11: 70 | L11: 75 | M11: 80 | N11: 85 | O11: 90 | P11: 95 | Q11: 00

Sheet Distancias
B1: Distancias
B2: 100
B3: 300
B4: 500
B5: 1000
B6: 1500
B7: 3000
B8: 5000
B9: 10000

Sheet Edades
A1: Edad | B1: CaT-F | C1: CaT-M
A2: 100 | B2: L+ | C2: M+
A3: 99 | B3: L+ | C3: M+
A4: 98 | B4: L+ | C4: M+
A5: 97 | B5: L+ | C5: M+
A6: 96 | B6: L+ | C6: M+
A7: 95 | B7: L+ | C7: M+
A8: 94 | B8: L+ | C8: M+
A9: 93 | B9: L+ | C9: M+
A10: 92 | B10: L+ | C10: M+
A11: 91 | B11: L+ | C11: M+
A12: 90 | B12: L+ | C12: M+
A13: 89 | B13: L+ | C13: M+
... A101: 1 | B101: LYF | C101: MYF
